date,prob_up,actual_up,next_return,window
2016-02-29,0.32574606,1,-0.0078422716207871,0
2016-03-01,0.90654004,1,0.0235068957659987,0
2016-03-02,0.7929795,1,0.0044923187773107,0
2016-03-03,0.9808313,1,0.0039195477023081,0
2016-03-04,0.893771,1,0.0032536272089529,0
2016-03-07,0.880106,0,0.000798342342523,0
2016-03-08,0.35151914,1,-0.0109175760992612,0
2016-03-09,0.09326894,1,0.0049392217235639,0
2016-03-10,0.4845085,0,0.0008024566535658,0
2016-03-14,0.7141224,0,-0.001282464768738,0
2016-03-23,0.36331493,0,-0.0065993358409971,0
2016-03-24,0.39047465,1,-0.0004429252966061,0
2016-03-28,0.5123965,1,0.0005909166760889,0
2016-03-30,0.74282354,0,0.0043876611265727,0
2016-03-31,0.30635586,0,-0.0024269601833941,0
2016-04-05,0.4041911,1,-0.0099876891031851,0
2016-04-06,0.4100247,0,0.0109215080346647,0
2016-04-07,0.29330772,0,-0.0119663701007116,0
2016-04-11,0.40030724,1,-0.0023466696101919,0
2016-04-13,0.3090267,1,0.0101009987128211,0
2016-04-14,0.7561238,0,4.773715168737702e-05,0
2016-04-15,0.8975184,1,-0.0011054572378387,0
2016-04-18,0.6479144,1,0.007026768761593,0
2016-04-19,0.860728,0,0.0031539152999671,0
2016-04-21,0.28701115,0,-0.0053784604033845,0
2016-04-22,0.3222072,1,0.0,0
2016-04-26,0.21121612,0,0.0014858827018153,0
2016-05-04,0.7959528,0,-0.0055783555956762,0
2016-05-05,0.5345773,1,-0.0001953015091179,0
2016-05-06,0.64454687,1,0.003659177078102,0
2016-05-10,0.8596719,1,0.0124338188353503,0
2016-05-12,0.5442412,0,0.0002907520272645,0
2016-05-13,0.94450134,1,-0.0087144057656262,0
2016-05-16,0.9207897,0,0.0098654376079581,0
2016-05-17,0.80656856,1,-0.0093337832360679,0
2016-05-18,0.8615604,1,0.0002928324059725,0
2016-05-20,0.8979538,0,0.0063175558998793,0
2016-05-23,0.7681454,1,-0.001362613548232,0
2016-05-25,0.8645501,1,0.0067832599975035,0
2016-06-01,0.14971061,1,0.0020489959911134,0
2016-06-02,0.80658877,1,0.0030434285206639,0
2016-06-08,0.7360533,0,0.003259548326963,0
2016-06-13,0.7414344,0,-0.0077117087768772,0
2016-06-14,0.82133627,1,-0.0019670486790573,0
2016-06-16,0.8078922,0,0.002984498812828,0
2016-06-17,0.71133703,1,-0.0037240007308986,0
2016-06-21,0.6955055,0,0.0028386464144074,0
2016-06-22,0.38222972,1,-0.0016312026271073,0
2016-06-23,0.91447985,0,0.0130223651555367,0
2016-06-24,0.7518875,0,-0.0359089470661381,0
2016-06-27,0.17363097,1,-0.0179096492888177,0
2016-06-29,0.6019962,1,0.0170274023923924,0
2016-06-30,0.6329115,0,0.0136456762987333,0
2016-07-05,0.24818783,1,-0.0071931924790248,0
2016-07-06,0.4597487,0,0.0059975643525971,0
2016-07-07,0.6414454,1,-0.0006201107386605,0
2016-07-08,0.66194427,1,0.0148906204955145,0
2016-07-11,0.111388095,1,0.0035268217324202,0
2016-07-12,0.9480384,0,0.0072632933862186,0
2016-07-13,0.9812327,1,-0.0001395171038629,0
2016-07-14,0.6371987,0,0.0055833641325044,0
2016-07-19,0.9948053,1,-0.0010169890867416,0
2016-07-20,0.72455615,1,0.0041633155053055,0
2016-07-22,0.96198016,1,0.0044852722880655,0
2016-07-26,0.79943746,0,0.0004615170774848,0
2016-07-27,0.8426649,1,-0.0010612127201594,0
2016-07-28,0.8110715,1,0.0011547317581017,0
2016-07-29,0.81375706,0,0.0016142517050821,0
2016-08-01,0.6002615,1,-0.0008285727494811,0
2016-08-03,0.82844156,1,0.0029226923155858,0
2016-08-04,0.5061159,0,0.001063928667963,0
2016-08-08,0.94332844,1,-0.0005959765758976,0
2016-08-09,0.65912056,1,0.0005963319757866,0
2016-08-11,0.9808086,0,0.0046403803208234,0
2016-08-16,0.62838143,1,-0.0051575981419899,0
2016-08-17,0.93407553,0,0.0018808636893457,0
2016-08-19,0.16836649,0,-0.0014620557131627,0
2016-08-22,0.31023866,0,-4.568754676981257e-05,0
2016-08-30,0.3056757,0,-0.0016487922078397,0
2016-08-31,0.7737934,1,-0.0028442082873221,0
2016-09-02,0.07685979,1,0.0045080120370566,0
2016-09-06,0.4836961,0,0.0030224446003803,0
2016-09-07,0.2160835,0,-9.092734126747716e-05,0
2016-09-09,0.8863025,1,-0.0239348585093507,0
2016-09-12,0.94124305,0,0.014347335670328,0
2016-09-14,0.9307876,1,-0.0003751022428564,0
2016-09-19,0.98636,1,0.0001876459226652,0
2016-09-21,0.0907957,0,0.0112450976064069,0
2016-09-23,0.23419775,1,-0.0054793423421795,0
2016-09-28,0.33723548,0,0.0049636471802323,0
2016-09-29,0.19570662,1,-0.009047213285489,0
2016-09-30,0.74906206,0,0.0075459141990781,0
2016-10-03,0.4154342,0,-0.0024035740691207,0
2016-10-04,0.5210466,1,-0.0050980793728162,0
2016-10-06,0.8650472,0,0.0006959074591459,0
2016-10-11,0.6561161,0,-0.012629734412653,0
2016-10-13,0.21760651,1,-0.0032757246495488,0
2016-10-14,0.6579143,1,0.000516670164522,0
2016-10-19,0.9790388,0,0.0026670319319257,0
2016-10-20,0.954086,1,-0.0018665926200173,0
2016-10-21,0.96444035,1,0.0004674588396953,0
2016-10-24,0.9927831,0,0.0042529948285505,0
2016-10-26,0.9212185,0,-0.0020078630780498,0
2016-10-27,0.8888784,0,-0.0026666580656109,0
2016-10-28,0.93049794,1,-0.0029554795699084,0
2016-10-31,0.7254349,0,4.69907068183506e-05,0
2016-11-01,0.5584077,0,-0.0072452938523491,0
2016-11-03,0.7952638,0,-0.0045772287463112,0
2016-11-04,0.75184953,1,-0.0011018590548362,0
2016-11-07,0.9078523,1,0.0220571669582148,0
2016-11-08,0.33536044,1,0.0045037540129453,0
2016-11-09,0.1674053,0,0.0106022140818511,0
2016-11-11,0.11254994,1,-0.0023048647281377,0
2016-11-17,0.31237215,1,0.0051406961310662,0
2016-11-21,0.20243894,1,0.0075515222737263,0
2016-11-22,0.1271563,1,0.0019532426188129,0
2016-11-23,0.18391283,0,0.0005442165749567,0
2016-11-28,0.5642796,0,-0.0046947480154868,0
2016-11-30,0.30731025,0,-0.0023991060365339,0
2016-12-01,0.32956648,1,-0.0036752517992652,0
2016-12-02,0.30403653,1,0.0005009116156668,0
2016-12-05,0.21371116,1,0.0060085736758781,0
2016-12-06,0.32344475,1,0.0031674306226712,0
2016-12-07,0.14757812,1,0.013080688992618,0
2016-12-08,0.57138276,1,0.0024491765756435,0
2016-12-13,0.60003465,0,0.0066739077170783,0
2016-12-14,0.6758156,0,-0.0082543059507388,0
2016-12-16,0.5553398,1,-0.0019555879218051,0
2016-12-19,0.51634467,0,0.0021773673120184,0
2016-12-21,0.2338848,0,-0.0027828440134894,0
2016-12-22,0.5273258,1,-0.0017271237827567,0
2016-12-27,0.34468743,0,0.0024809324786956,0
2016-12-30,0.36669853,1,-0.0036550932360918,0
2017-01-03,0.48421165,1,0.0076499779165035,0
2017-01-04,0.39252806,1,0.0059493432776689,0
2017-01-11,0.79269916,1,0.0028258730342136,0
2017-01-18,0.6454912,1,0.0022099179739218,0
2017-01-20,0.24152787,0,0.003674505279364,0
2017-01-23,0.6425539,1,-0.0026021941515076,0
2017-01-24,0.58869,1,0.0064116879962217,0
2017-01-25,0.45823586,0,0.0086553614211779,0
2017-01-26,0.5902776,0,-0.0010453465772477,0
2017-01-27,0.8838079,0,-0.0015698905911851,0
2017-01-31,0.77759564,1,-8.796274951317073e-05,0
2017-02-01,0.73989385,1,0.0003955968724214,0
2017-02-07,0.37965202,1,4.375463597638962e-05,0
2017-02-09,0.23558594,0,0.0059325404932359,0
2017-02-16,0.76060355,1,-0.0008512086654374,0
2017-02-17,0.4707954,0,0.0015762909784931,0
2017-02-22,0.93304646,1,-0.000887913563632,0
2017-02-23,0.637444,1,0.0006771067845892,0
2017-02-27,0.6583635,1,0.001563287071616,0
2017-03-01,0.17343657,0,0.0139973576598657,0
2017-03-06,0.6008614,0,-0.0029779138181333,0
2017-03-07,0.58771247,0,-0.0029866604212935,0
2017-03-08,0.49025878,1,-0.0018565350285109,0
2017-03-09,0.6129873,1,0.00126807244668,0
2017-03-13,0.43327507,0,0.0005045957770102,0
2017-03-14,0.2303012,0,-0.0038263431384423,0
2017-03-16,0.27307743,0,-0.0019672175032569,0
2017-03-17,0.19376649,0,-0.0017560718814139,0
2017-03-20,0.16673844,0,-0.0010967905478475,0
2017-03-21,0.08288469,1,-0.0128396224044741,0
2017-03-22,0.103514306,0,0.0023532370952812,0
2017-03-27,0.22019336,1,-0.0010261398176292,0
2017-03-29,0.092739515,0,0.0009350833827295,0
2017-04-03,0.15377218,1,-0.001739172902748,0
2017-04-04,0.24253963,0,0.0006374892292648,0
2017-04-05,0.13724951,1,-0.002972534317892,0
2017-04-06,0.5072124,0,0.0028111056260269,0
2017-04-07,0.3593309,1,-0.0010194763230005,0
2017-04-10,0.48887315,0,0.0005951402336372,0
2017-04-12,0.8353803,0,-0.0043818725193462,0
2017-04-13,0.18013376,0,-0.0064951600497153,0
2017-04-18,0.78468716,1,-0.0029840666282665,0
2017-04-20,0.15203841,1,0.0081389648021084,0
2017-04-24,0.5636079,1,0.0109980006483012,0
2017-04-25,0.34027022,0,0.0058186767787056,0
2017-04-26,0.6515522,0,-0.00062888417947,0
2017-04-28,0.5234475,1,-0.002179220719412,0
2017-05-02,0.24615738,0,0.0003772423598158,0
2017-05-03,0.22894916,0,-0.0012145466547425,0
2017-05-08,0.4062918,0,-0.0001669416788113,0
2017-05-09,0.61331475,1,-0.0009179309968206,0
2017-05-10,0.4759525,1,0.001795822802894,0
2017-05-15,0.49683338,0,0.0055234036290898,0
2017-05-16,0.60063505,0,-0.0009154134523982,0
2017-05-17,0.5857027,1,-0.0177439687290673,0
2017-05-18,0.46283236,1,0.004028448291341,0
2017-05-22,0.52864635,1,0.005077256874528,0
2017-05-23,0.49886492,1,0.0022127816245107,0
2017-05-24,0.25333056,0,0.0023329744254048,0
2017-05-30,0.68874884,0,-0.0008686668396279,0
2017-05-31,0.44123152,1,-0.0002487271660781,0
2017-06-01,0.78789383,1,0.0079522632302615,0
2017-06-02,0.49661624,0,0.0033285231099586,0
2017-06-05,0.6467544,1,-0.0007373055391574,0
2017-06-07,0.5883662,0,0.0018500715431499,0
2017-06-12,0.35773346,1,-0.0002055863268127,0
2017-06-13,0.78619677,0,0.0048899344152608,0
2017-06-15,0.7216516,0,-0.0019245113572247,0
2017-06-20,0.61628145,0,-0.0067441886946607,0
2017-06-21,0.5652344,0,-0.0002467703288343,0
2017-06-22,0.19389836,1,-0.0004526672788711,0
2017-06-23,0.47538447,1,0.0011939881563429,0
2017-06-26,0.4560525,0,0.0006582307236548,0
2017-06-27,0.8180739,0,-0.0080564656844431,0
2017-06-29,0.7147023,1,-0.0087890567037,0
2017-07-05,0.73613644,0,0.0023118748586934,0
2017-07-06,0.37958556,1,-0.0091444053776815,0
2017-07-10,0.21170141,1,0.0010737444525601,0
2017-07-12,0.5751287,1,0.0075145195203809,0
2017-07-20,0.5570126,0,0.0004455450849327,0
2017-07-31,0.5301689,1,-0.0005671256138807,0
2017-08-01,0.41545257,0,0.0022288646295667,0
2017-08-08,0.95334166,0,-0.0024611156373814,0
2017-08-09,0.92890084,0,-4.049187701260504e-05,0
2017-08-10,0.9338553,1,-0.0141151244059425,0
2017-08-14,0.94889325,1,0.0099131629097364,0
2017-08-16,0.48904595,0,0.001744541192306,0
2017-11-08,0.65913725,0,0.0017006717284926,1
2017-11-09,0.74815995,1,-0.0036276014666877,1
2017-11-13,0.26639217,0,0.0009299193147973,1
2017-11-14,0.9193886,0,-0.0023225713505401,1
2017-11-15,0.91605765,1,-0.005005196926227,1
2017-11-16,0.41870096,1,0.00850082219162,1
2017-11-20,0.9789913,1,0.0017062830645258,1
2017-11-21,0.8343758,0,0.0065427129368349,1
2017-11-29,0.92232597,0,-0.0006088926939006,1
2017-12-04,0.40381572,0,-0.0012102673227822,1
2017-12-05,0.7838447,1,-0.0035963693769872,1
2017-12-07,0.68798006,1,0.0031530650681921,1
2017-12-08,0.9802845,1,0.0054532303466072,1
2017-12-11,0.613655,0,0.0030128872876711,1
2017-12-19,0.9493216,0,-0.0038403324114607,1
2017-12-20,0.5099216,1,-0.000524105125823,1
2017-12-21,0.9885358,0,0.0020596260615095,1
2017-12-22,0.58465713,0,-0.0002614900189601,1
2017-12-26,0.9578553,1,-0.0011961835025268,1
2017-12-28,0.967394,0,0.0020572623495389,1
2017-12-29,0.9601506,1,-0.0037705433380492,1
2018-01-02,0.9698511,1,0.0071573114409431,1
2018-01-03,0.98282087,1,0.0063251950696059,1
2018-01-08,0.98415303,1,0.0018286568976899,1
2018-01-09,0.9796581,1,0.0022635717865149,1
2018-01-12,0.8298187,0,0.0065188541964573,1
2018-01-16,0.77062047,1,-0.003418283783487,1
2018-01-17,0.5942693,1,0.0095315288367863,1
2018-01-19,0.90551436,1,0.0045498761578015,1
2018-01-22,0.9595497,1,0.0081305770964472,1
2018-01-23,0.9807457,1,0.0021227353363508,1
2018-01-26,0.74701196,0,0.0115778931042056,1
2018-01-30,0.6004469,1,-0.0102574266082964,1
2018-01-31,0.8504054,0,0.0004972109810517,1
2018-02-01,0.8589192,0,-0.0011354282539042,1
2018-02-02,0.8959311,0,-0.0217698079301327,1
2018-02-05,0.44745663,1,-0.0418226174906029,1
2018-02-06,0.7327329,0,0.0197022501704675,1
2018-02-07,0.34993,0,-0.0054246924483193,1
2018-02-08,0.6960272,1,-0.0375089718089581,1
2018-02-09,0.15109728,1,0.0150214384077265,1
2018-02-12,0.84299916,1,0.0146844990274803,1
2018-02-13,0.77943707,1,0.0024874232067852,1
2018-02-15,0.9912126,1,0.0127603213032292,1
2018-02-16,0.41590598,1,0.000293141930951,1
2018-02-22,0.0394389,0,0.0012960659890619,1
2018-02-28,0.16231582,0,-0.0101300543958857,1
2018-03-01,0.043368254,1,-0.0145404908176343,1
2018-03-06,0.7076264,0,0.0025350837311006,1
2018-03-07,0.017962668,1,-0.0003662024859065,1
2018-03-08,0.8657268,1,0.0048387780698262,1
2018-03-09,0.34870818,0,0.0174024435102784,1
2018-03-12,0.9860814,0,-0.0012553217346088,1
2018-03-13,0.9065801,0,-0.0064623748964703,1
2018-03-14,0.986004,1,-0.005131751437319,1
2018-03-20,0.97894764,0,0.0017006215469612,1
2018-03-21,0.9800538,1,-0.0019190126475885,1
2018-03-26,0.8480997,0,0.0273593152858984,1
2018-03-28,0.93168515,1,-0.0029548276173767,1
2018-03-29,0.8744558,0,0.0127777943342797,1
2018-04-02,0.64390755,1,-0.0215847029119184,1
2018-04-03,0.7752662,1,0.012816960570118,1
2018-04-05,0.98819387,1,0.0078918677639692,1
2018-04-09,0.71520805,1,0.0049284859520335,1
2018-04-10,0.97231984,0,0.0159001299278735,1
2018-04-11,0.97857016,0,-0.0052419777563185,1
2018-04-13,0.84234756,1,-0.0029331804816017,1
2018-04-16,0.9138353,1,0.0082216678040591,1
2018-04-17,0.95548105,1,0.0106987803485456,1
2018-04-18,0.99631727,0,0.0007402409440109,1
2018-04-23,0.88174796,0,-0.0001500490654003,1
2018-04-24,0.7701476,1,-0.013467282204911,1
2018-04-25,0.6371438,1,0.0024718557989014,1
2018-04-26,0.90212584,1,0.0101654262967028,1
2018-04-27,0.7287022,0,0.0009387664579085,1
2018-04-30,0.94832677,0,-0.007690652334142,1
2018-05-03,0.7775896,1,-0.0022035087316455,1
2018-05-04,0.95525485,1,0.0129465725470998,1
2018-05-07,0.79554576,1,0.003383139626893,1
2018-05-14,0.75062263,1,0.0004764124250322,1
2018-05-16,0.9859675,0,0.0042048113560115,1
2018-05-17,0.7088887,1,-0.0008445927835499,1
2018-05-21,0.9963519,0,0.0075182408080913,1
2018-05-22,0.97643256,0,-0.0027800567731004,1
2018-05-29,0.95186716,1,-0.0115010982642586,1
2018-06-01,0.94865733,1,0.0098174018887169,1
2018-06-04,0.8975464,1,0.0047519445891783,1
2018-06-05,0.89890575,1,0.0007275579840104,1
2018-06-08,0.7151288,1,0.0029567406301633,1
2018-06-12,0.88653105,0,0.0012923857596445,1
2018-06-13,0.87812036,1,-0.0031906604438743,1
2018-06-14,0.93328565,0,0.0025176317279522,1
2018-06-15,0.5977108,0,-0.0012757664978333,1
2018-06-18,0.7396017,1,-0.0020569340851617,1
2018-06-20,0.24748169,0,0.0017057848154999,1
2018-06-27,0.64313185,1,-0.0082840578535395,1
2018-07-02,0.9734917,0,0.0021380864623918,1
2018-07-03,0.9692596,1,-0.003531500990089,1
2018-07-06,0.9832326,1,0.0084581164084054,1
2018-07-09,0.21485272,1,0.0090042404437347,1
2018-07-10,0.87092465,0,0.0035989181533815,1
2018-07-16,0.4602658,1,-0.0008944588120699,1
2018-07-17,0.9722284,0,0.0040452810072431,1
2018-07-20,0.85312355,0,-0.0011430062321432,1
2018-07-26,0.823681,0,-0.0023592960821493,1
2018-07-27,0.71268386,0,-0.0067763498693442,1
2018-07-30,0.7203157,1,-0.0052234388036618,1
2018-07-31,0.34486946,0,0.0049294682521656,1
2018-08-01,0.9854978,1,-0.0016711042113466,1
2018-08-06,0.86319125,1,0.00366719386923,1
2018-08-07,0.91586804,0,0.0033023227772057,1
2018-08-09,0.23716788,0,-0.0013661624272279,1
2018-08-10,0.7227778,0,-0.0067002118961648,1
2018-08-13,0.40155125,1,-0.0037433975639846,1
2018-08-14,0.8175457,0,0.0063807317158883,1
2018-08-15,0.5145826,1,-0.00746733998297,1
2018-08-16,0.93995947,1,0.0080916563040247,1
2018-08-21,0.7709016,0,0.0023455277521209,1
2018-08-22,0.273316,0,-0.0005937100875319,1
2018-08-23,0.99488086,1,-0.0013278312742223,1
2018-08-24,0.9121779,1,0.0060186815790115,1
2018-08-27,0.9896106,1,0.0078948964195391,1
2018-08-28,0.8956674,1,0.0004833209445722,1
2018-08-29,0.25151792,1,0.0053807005086508,1
2018-08-31,0.6032157,0,3.4856417466810896e-05,1
2018-09-04,0.19979121,0,-0.0017226241822568,1
2018-09-05,0.93372667,1,-0.0026914307708258,1
2018-09-11,0.9569721,1,0.0032971325495458,1
2018-09-12,0.5652837,0,0.0002423299725275,1
2018-09-17,0.19657576,0,-0.0052943090027109,1
2018-09-21,0.49736637,0,-0.0009139570404094,1
2018-09-26,0.5051215,1,-0.0029920488260044,1
2018-09-27,0.02672528,1,0.00279429134332,1
2018-10-01,0.84546554,1,0.0034736992678952,1
2018-10-03,0.7817503,0,0.0005487050106536,1
2018-10-09,0.81560194,0,-0.0014592882003152,1
2018-10-10,0.9487044,0,-0.0316632300029152,1
2018-10-11,0.79294395,1,-0.0220264524575578,1
2018-10-12,0.7660749,0,0.013888472969427,1
2018-10-15,0.82352424,0,-0.0056172029453117,1
2018-10-18,0.98275125,0,-0.014440817179411,1
2018-10-19,0.3008139,0,-0.0005427251710775,1
2018-10-22,0.95117307,0,-0.0044889068663619,1
2018-10-23,0.28505623,0,-0.0050906262770882,1
2018-10-24,0.9491915,1,-0.0302985470316845,1
2018-10-25,0.10183493,0,0.0179406121256513,1
2018-10-26,0.7114075,0,-0.0175876891153347,1
2018-10-29,0.90483695,1,-0.0055401779295574,1
2018-10-30,0.14378984,1,0.0148187537837818,1
2018-10-31,0.9751501,1,0.0106809747314029,1
2018-11-06,0.8185448,1,0.0063280440404429,1
2018-11-07,0.989298,0,0.0214084934227645,1
2018-11-08,0.092481904,0,-0.0018145464169838,1
2018-11-12,0.056733508,0,-0.0186850877852333,1
2018-11-14,0.18893057,1,-0.0068366872884936,1
2018-11-15,0.03898972,0,0.0104367415924848,1
2018-11-19,0.9636299,0,-0.0169143092292362,1
2018-11-20,0.71426654,1,-0.0185063745780964,1
2018-11-21,0.876169,1,0.0034076885235467,1
2018-11-26,0.23191121,1,0.0161444657989251,1
2018-11-27,0.91970676,0,0.0033644394927896,1
2018-11-29,0.83284235,0,-0.0021854144377031,1
2018-12-04,0.9975262,0,-0.0324022044820829,1
2018-12-06,0.9513024,1,-0.0015170771127872,1
2018-12-11,0.99744874,1,0.0002273296065367,1
2018-12-12,0.09804181,0,0.005035481900095,1
2018-12-13,0.99522454,0,-0.0003390806325411,1
2018-12-17,0.060956743,0,-0.019618436263371,1
2018-12-18,0.9131406,0,-0.0010964568883545,1
2018-12-20,0.73108333,0,-0.01627808608119,1
2018-12-21,0.8101561,0,-0.0204896590332386,1
2018-12-24,0.75596845,1,-0.0264229337891704,1
2018-12-26,0.8528151,1,0.0505249768724307,1
2018-12-27,0.04356776,0,0.0076774209198158,1
2018-12-28,0.3130758,1,-0.0012900860589282,1
2018-12-31,0.060273297,1,0.0087589670896033,1
2019-01-02,0.9056159,0,0.0010401734944678,1
2019-01-03,0.9772263,1,-0.0238626847876889,1
2019-01-04,0.9963712,1,0.0334955855383936,1
2019-01-07,0.01321307,1,0.0078847130497576,1
2019-01-08,0.72545964,1,0.0093953377700373,1
2019-01-09,0.04358214,1,0.0046736095948867,1
2019-01-10,0.35389924,1,0.0035274276500594,1
2019-01-11,0.9169653,0,0.0003863257668503,1
2019-01-14,0.98377055,1,-0.0061010281559434,1
2019-01-16,0.21943337,1,0.0024198106737425,1
2019-01-17,0.73845255,1,0.0075864273746624,1
2019-01-18,0.1930206,0,0.0133099370149596,1
2019-01-22,0.020285983,1,-0.0135103185657999,1
2019-01-23,0.4054724,1,0.0020924269243403,1
2019-01-24,0.7689192,1,0.000531503290523,1
2019-01-25,0.25888142,0,0.008461278993376,1
2019-01-28,0.13760342,0,-0.0076001406655517,1
2019-01-29,0.048825715,1,-0.0013269949708237,1
2019-01-30,0.40571398,1,0.0158305904548148,1
2019-01-31,0.08470783,1,0.0087828449458211,1
2019-02-01,0.5155939,1,0.0004813131425811,1
2019-02-04,0.4126939,1,0.0070355050742831,1
2019-02-05,0.06616337,0,0.0041919981428613,1
2019-02-06,0.051015195,0,-0.0013184681240121,1
2019-02-07,0.008455264,1,-0.0095327323080549,1
2019-02-08,0.075942144,1,0.001221635319313,1
2019-02-11,0.1800659,1,0.0005544065532556,1
2019-02-12,0.051189523,1,0.0128596809015315,1
2019-02-13,0.050162893,0,0.0032468364051285,1
2019-02-14,0.42190123,1,-0.0022182089374663,1
2019-02-15,0.014931689,1,0.0108972595100471,1
2019-02-19,0.23720576,1,0.0017301626857921,1
2019-02-20,0.013040661,0,0.0020158282917839,1
2019-02-21,0.034735978,1,-0.0035558597982223,1
2019-02-25,0.005266854,0,0.001361269559917,1
2019-02-26,0.03954701,0,-0.0007154773263226,1
2019-02-27,0.061082367,0,-0.0004295210833863,1
2019-02-28,0.03208054,1,-0.0018625425426468,1
2019-03-01,0.038920827,0,0.0062434512568942,1
2019-03-04,0.090405,0,-0.003637272264787,1
2019-03-05,0.05305598,0,-0.0013597608157838,1
2019-03-07,0.63994503,0,-0.0083651269073247,1
2019-03-08,0.09200615,1,-0.0019998599956522,1
2019-03-11,0.03948285,1,0.0145012425013684,1
2019-05-07,0.4640097,0,-0.0166996075735441,2
2019-05-08,0.7720955,0,-0.0013889161867699,2
2019-05-09,0.8458247,1,-0.0030258440919421,2
2019-05-10,0.543787,0,0.005023518291247,2
2019-05-13,0.67866987,1,-0.0251304204673085,2
2019-05-14,0.5751231,1,0.0090435851185239,2
2019-05-15,0.53523594,1,0.0058575865141317,2
2019-05-16,0.63447875,0,0.0092611226056495,2
2019-05-17,0.39175922,0,-0.0064649340902451,2
2019-05-20,0.21947749,0,-0.0066123560198071,2
2019-05-22,0.2122539,0,-0.0030714178724917,2
2019-05-23,0.14708932,1,-0.0122187387447735,2
2019-05-24,0.14552161,0,0.002268742165288,2
2019-05-28,0.2523775,0,-0.0093007697989788,2
2019-05-29,0.08266957,1,-0.0067105854706265,2
2019-05-30,0.15274222,0,0.0027310580286581,2
2019-06-03,0.15782458,1,-0.0025428788043525,2
2019-06-05,0.7358009,1,0.0086624148601532,2
2019-06-07,0.32448536,1,0.0100067961764469,2
2019-06-10,0.6691509,0,0.0045893374432437,2
2019-06-11,0.12872043,1,-0.0002423486769149,2
2019-06-13,0.22928497,1,0.0041259949243861,2
2019-06-17,0.34913865,1,0.0003799860209863,2
2019-06-19,0.24480134,1,0.0022570461265944,2
2019-06-20,0.53445154,0,0.0095547521805836,2
2019-06-21,0.6834553,0,-0.0014538163675881,2
2019-06-24,0.47900257,0,-0.0012244705752503,2
2019-06-25,0.60097635,0,-0.0098078880932902,2
2019-06-26,0.5609803,1,-0.0009975017492597,2
2019-06-28,0.81768054,1,0.0051455044800066,2
2019-07-01,0.78803027,1,0.0090784383941862,2
2019-07-03,0.28279808,0,0.0079949717329608,2
2019-07-05,0.09047783,0,-0.001137599503495,2
2019-07-08,0.44151756,1,-0.0054945511618864,2
2019-07-10,0.5031051,1,0.0047778558709097,2
2019-07-12,0.86148405,1,0.0044769000001456,2
2019-07-15,0.9033299,0,0.0003324898067678,2
2019-07-17,0.84718704,0,-0.006804736175996,2
2019-07-19,0.4513256,1,-0.0055547185829494,2
2019-07-22,0.11944955,1,0.002456433167894,2
2019-07-23,0.48060414,1,0.0071500412640876,2
2019-07-24,0.17075428,0,0.0046995587362161,2
2019-07-25,0.29494745,1,-0.0047772173948629,2
2019-07-26,0.06390824,0,0.0067002960899984,2
2019-07-30,0.10609266,0,-0.0024546142667198,2
2019-08-01,0.10853345,0,-0.008708004753038,2
2019-08-02,0.21018502,0,-0.0075291818043522,2
2019-08-05,0.050286535,1,-0.0300730104949435,2
2019-08-06,0.07712231,1,0.0140224391151912,2
2019-08-07,0.13353665,1,0.0005910056029054,2
2019-08-08,0.21875255,0,0.019620063742944,2
2019-08-09,0.22640765,0,-0.0068117473871975,2
2019-08-12,0.5944364,1,-0.0121731325728602,2
2019-08-13,0.5914269,0,0.0155515426679748,2
2019-08-14,0.8231693,1,-0.0295676725222053,2
2019-08-15,0.44851378,1,0.0026417441627879,2
2019-08-19,0.8725032,0,0.0120481312485574,2
2019-08-20,0.9548603,1,-0.0076627451807831,2
2019-08-21,0.377838,0,0.0081357285991938,2
2019-08-22,0.43698093,0,-0.0003079979161138,2
2019-08-23,0.95369786,1,-0.0256873955299368,2
2019-08-26,0.7799105,0,0.0110581299997833,2
2019-08-27,0.9779376,1,-0.0039233725430035,2
2019-08-28,0.7732791,1,0.0070415556837841,2
2019-08-29,0.6962044,0,0.0127726234453116,2
2019-08-30,0.9601515,0,-0.0004437464066623,2
2019-09-03,0.11697421,1,-0.0058472607729063,2
2019-09-04,0.9811844,1,0.0113500716528041,2
2019-09-05,0.48426124,1,0.0128553648612275,2
2019-09-06,0.49254343,1,0.0007724885567463,2
2019-09-09,0.24390517,0,0.0005033102065574,2
2019-09-10,0.82263255,1,-0.0002348348826365,2
2019-09-11,0.50884223,1,0.0071110177597786,2
2019-09-12,0.9500902,0,0.0034638622315088,2
2019-09-13,0.802707,0,-0.0006637894298821,2
2019-09-16,0.77697676,1,-0.0030890162176413,2
2019-09-17,0.835943,1,0.0025319186931453,2
2019-09-18,0.3958567,0,0.0005984348455732,2
2019-09-19,0.19840787,0,-6.657669535103938e-05,2
2019-09-20,0.8994867,0,-0.0047248106223398,2
2019-09-23,0.57370347,0,-0.0002345876894823,2
2019-09-24,0.16556105,1,-0.0078468245072642,2
2019-09-25,0.28751633,0,0.0059147179882312,2
2019-09-26,0.16585317,0,-0.0020830088967653,2
2019-09-27,0.36113656,1,-0.0053871985780941,2
2019-09-30,0.45307472,0,0.0046376392500435,2
2019-10-01,0.4054153,0,-0.0118947549741191,2
2019-10-02,0.5961669,1,-0.0176647914678643,2
2019-10-03,0.5814959,1,0.0081929319165827,2
2019-10-04,0.40367556,0,0.0135322027199293,2
2019-10-07,0.2612962,0,-0.0043150039002129,2
2019-10-08,0.26088732,1,-0.0155246651893848,2
2019-10-09,0.6709388,1,0.0094963600794366,2
2019-10-10,0.43151638,1,0.0067636567095956,2
2019-10-11,0.9001647,0,0.0103666958502492,2
2019-10-14,0.83952254,1,-0.0011136202354526,2
2019-10-15,0.663447,0,0.0099002611378784,2
2019-10-16,0.26079512,1,-0.0016057708163239,2
2019-10-17,0.81368583,0,0.0029490021230758,2
2019-10-18,0.13248101,1,-0.0043772712808859,2
2019-10-21,0.84888434,1,0.0067789887296443,2
2019-10-23,0.50590086,1,0.0029096196670783,2
2019-10-24,0.7862934,1,0.0016342425613422,2
2019-10-25,0.68274826,1,0.0040945485448622,2
2019-10-28,0.49943662,0,0.0056370561624536,2
2019-10-29,0.26887402,1,-0.000296824897734,2
2019-10-30,0.29248932,0,0.0030668540732989,2
2019-10-31,0.22678854,1,-0.0026631693141104,2
2019-11-01,0.7560098,1,0.0092636981968949,2
2019-11-04,0.13698317,0,0.0040178138850337,2
2019-11-05,0.9153608,1,-0.0011058998732346,2
2019-11-06,0.21426004,1,0.0002280108627938,2
2019-11-07,0.9057035,1,0.0035166298071562,2
2019-11-08,0.32593966,0,0.0024661698812844,2
2019-11-11,0.54526466,1,-0.0019094770285992,2
2019-11-12,0.28189835,1,0.0021075921690116,2
2019-11-13,0.4322553,1,0.0003237457578562,2
2019-11-14,0.23772065,1,0.0014558446506021,2
2019-11-15,0.52724504,1,0.0072363026320285,2
2019-11-18,0.48909855,0,0.0007379092841401,2
2019-11-19,0.6534678,0,-0.0002888503755055,2
2019-11-20,0.65201247,0,-0.0037188062978376,2
2019-11-21,0.64167374,1,-0.0016088651648802,2
2019-11-25,0.7425967,1,0.0077505405033022,2
2019-11-26,0.7478111,1,0.002265389742869,2
2019-11-27,0.6443496,0,0.0044576442521961,2
2019-12-02,0.1354682,1,-0.0084945168994323,2
2019-12-04,0.76843816,1,0.0061704220953757,2
2019-12-05,0.13995998,1,0.0017980349212813,2
2019-12-06,0.48157957,0,0.009133703395473,2
2019-12-09,0.21945138,0,-0.0031441448792796,2
2019-12-10,0.3363182,1,-0.0011150680251027,2
2019-12-11,0.20083985,1,0.0028387273374348,2
2019-12-12,0.75832635,1,0.0086193200842425,2
2019-12-13,0.063777536,1,0.0005986950972132,2
2019-12-16,0.89735293,1,0.0068700430182131,2
2019-12-17,0.07365302,1,0.0002191116994472,2
2019-12-18,0.50504965,1,6.244046359227262e-05,2
2019-12-19,0.08341134,1,0.0040992006344724,2
2019-12-20,0.3333286,1,0.004384015692241,2
2019-12-23,0.049791,1,0.0015279823479164,2
2019-12-24,0.33413193,1,3.111464226113192e-05,2
2019-12-26,0.09037278,0,0.0053232292107163,2
2019-12-27,0.4642491,0,-0.0002475914075499,2
2019-12-30,0.15261787,1,-0.0055132556429184,2
2019-12-31,0.349983,1,0.0024290344071151,2
2020-01-02,0.2556937,0,0.0093519418923049,2
2020-01-03,0.79867595,1,-0.0075721926314291,2
2020-01-06,0.48986658,0,0.0038152415837335,2
2020-01-07,0.8286703,1,-0.0028119018539859,2
2020-01-08,0.20894487,1,0.0053295597032607,2
2020-01-09,0.55114186,0,0.0067807593701352,2
2020-01-10,0.3228118,1,-0.0028775799540388,2
2020-01-13,0.4760959,0,0.0068771679431141,2
2020-01-14,0.81081575,1,-0.0015247174529169,2
2020-01-15,0.79999036,1,0.0022597924763156,2
2020-01-16,0.099890254,1,0.0083187556215669,2
2020-01-17,0.3216087,0,0.0031121717361706,2
2020-01-21,0.18188395,1,-0.0019582782795759,2
2020-01-22,0.6822257,0,0.0001207720995402,2
2020-01-27,0.34108645,1,-0.0160294458957722,2
2020-01-28,0.50434214,1,0.010478964166114,2
2020-01-30,0.5079519,1,0.0032451484415743,2
2020-02-03,0.45434833,1,0.007428533507354,2
2020-02-04,0.7307561,1,0.0152414068789226,2
2020-02-05,0.70054394,1,0.0115481180498955,2
2020-02-06,0.51908326,0,0.0033644721832757,2
2020-02-07,0.43498793,1,-0.0053294919499369,2
2020-02-10,0.79083097,1,0.0074653830941577,2
2020-02-11,0.5527493,1,0.0017331620906881,2
2020-02-12,0.9330958,0,0.0064426774043964,2
2020-02-13,0.58883184,1,-0.0010671354557427,2
2020-02-19,0.730483,0,0.0047812824826103,2
2020-02-20,0.59048504,0,-0.0041083508595621,2
2020-02-21,0.779938,0,-0.0102981701733646,2
2020-02-24,0.94485307,0,-0.0331655701621188,2
2020-02-25,0.86073333,0,-0.0303019349044906,2
2020-02-26,0.93517894,0,-0.0036781764961835,2
2020-02-27,0.77553654,0,-0.0449117562471391,2
2020-02-28,0.4367978,1,-0.0042016333087756,2
2020-03-02,0.16766508,0,0.0433063448567578,2
2020-03-03,0.8177474,1,-0.0286320453868904,2
2020-03-04,0.2950357,0,0.0420326458540951,2
2020-03-05,0.48840472,0,-0.0332417439837642,2
2020-03-06,0.60981005,0,-0.0165308273065493,2
2020-03-09,0.9618529,1,-0.0780947994511931,2
2020-03-10,0.9938646,0,0.0517454048394532,2
2020-03-11,0.9739086,0,-0.0487488911875819,2
2020-03-12,0.9914189,1,-0.0956768448891897,2
2020-03-13,0.96008945,0,0.0854864002649853,2
2020-03-16,0.94050366,1,-0.1094238705274331,2
2020-03-17,0.90882915,0,0.0539920311246038,2
2020-03-18,0.93463326,1,-0.0506328581881067,2
2020-03-19,0.99894,0,0.0021249688964404,2
2020-03-20,0.9393353,0,-0.0430943821399004,2
2020-03-23,0.9922453,1,-0.0255681396006138,2
2020-03-24,0.99468887,1,0.090603286529564,2
2020-03-25,0.98537934,1,0.0149702102760123,2
2020-03-26,0.99736756,0,0.0583898944130014,2
2020-03-27,0.99630934,1,-0.0297856365343884,2
2020-03-30,0.9807246,0,0.0324755117864843,2
2020-03-31,0.98734945,0,-0.0149053413739892,2
2020-04-01,0.9640176,1,-0.0450048129654475,2
2020-04-02,0.99644387,0,0.0230752983065507,2
2020-04-03,0.99893385,1,-0.0144541562564722,2
2020-04-06,0.99912274,1,0.067166364765824,2
2020-04-08,0.99067944,1,0.0335684222918095,2
2020-04-09,0.9967512,0,0.0152175877126938,2
2020-04-13,0.81690615,1,-0.0091302658237986,2
2020-04-14,0.9979893,0,0.0294926286391121,2
2020-04-15,0.9889967,1,-0.0212479808154347,2
2020-04-16,0.99620867,1,0.0048244381788786,2
2020-04-17,0.98656064,0,0.0270155383225556,2
2020-04-20,0.41180462,0,-0.0176181729191259,2
2020-04-21,0.95672184,1,-0.0303636451238865,2
2020-04-27,0.967311,0,0.0144185726923102,2
2020-04-28,0.76461333,0,-0.0045982676887543,2
2020-04-30,0.9782661,0,-0.0093106798226084,2
2020-05-01,0.932838,1,-0.0264733300127176,2
2020-05-04,0.98952436,1,0.0027580309104444,2
2020-06-19,0.19632652,1,-0.005714878631885,3
2020-06-22,0.9344862,0,0.0064149718598243,3
2020-06-24,0.41202947,1,-0.0255085156879799,3
2020-06-25,0.5911969,0,0.0107203524793186,3
2020-06-26,0.045939952,1,-0.0237511482004664,3
2020-06-29,0.8190513,1,0.0146974433042674,3
2020-06-30,0.27444902,1,0.0128095172760569,3
2020-07-01,0.9173793,1,0.0070046625984483,3
2020-07-02,0.058027826,1,0.005507066966891,3
2020-07-06,0.4641325,1,0.0154374603226732,3
2020-07-08,0.27591088,1,0.0076488122109503,3
2020-07-10,0.65604156,0,0.0102107691514776,3
2020-07-13,0.9137453,1,-0.0086588652159335,3
2020-07-14,0.26995122,1,0.0129589389328532,3
2020-07-15,0.67350835,1,0.0091872854153105,3
2020-07-20,0.8223533,1,0.008081565696216,3
2020-07-21,0.5372408,1,0.0021275992026696,3
2020-07-22,0.37980765,0,0.0056919230351124,3
2020-07-23,0.26108867,0,-0.0119317717912901,3
2020-07-24,0.2638875,1,-0.0064402066727806,3
2020-07-27,0.3556467,0,0.0072924390134732,3
2020-07-28,0.097645216,1,-0.0063423913115319,3
2020-07-29,0.15049042,1,0.0122986011074195,3
2020-07-31,0.048672352,1,0.0079023221726419,3
2020-08-03,0.050837874,1,0.0069520795895747,3
2020-08-04,0.13629489,1,0.0038625793025286,3
2020-08-06,0.78525895,1,0.0066846433313092,3
2020-08-07,0.4367999,1,0.0007179159498649,3
2020-08-10,0.9745435,0,0.00298885941113,3
2020-08-11,0.5090058,1,-0.0082546630442862,3
2020-08-12,0.8213423,1,0.0139423996590146,3
2020-08-14,0.11778396,1,2.9662692256238188e-05,3
2020-08-17,0.04157746,1,0.003176741080088,3
2020-08-18,0.042888638,0,0.0021605952326069,3
2020-08-19,0.3467699,1,-0.0041638683028522,3
2020-08-20,0.10899338,1,0.0031135190386422,3
2020-08-21,0.6015826,1,0.0035475683504904,3
2020-08-25,0.07037417,1,0.0034993747282885,3
2020-08-26,0.10929986,1,0.0100255234386998,3
2020-08-27,0.3847749,1,0.0021865003578604,3
2020-08-28,0.28443754,0,0.006459422916704,3
2020-08-31,0.5535527,1,-0.003622410571739,3
2020-09-01,0.2489215,1,0.0094185423995769,3
2020-09-02,0.4416568,0,0.0144637691777322,3
2020-09-03,0.3579504,0,-0.0344140881766141,3
2020-09-04,0.5110533,0,-0.0081647019731053,3
2020-09-08,0.76732785,1,-0.027323047639332,3
2020-09-09,0.38911277,0,0.019747453770168,3
2020-09-10,0.3305419,1,-0.0173635208304698,3
2020-09-14,0.5713197,1,0.0131710198995798,3
2020-09-15,0.95039916,0,0.0050525535680698,3
2020-09-16,0.7475819,0,-0.0039686224147941,3
2020-09-17,0.89999,0,-0.0087953233618987,3
2020-09-18,0.40420076,0,-0.0115126149844941,3
2020-09-21,0.80697775,1,-0.0111296112922518,3
2020-09-22,0.9546282,0,0.010184530350455,3
2020-09-23,0.607843,1,-0.0231911224762542,3
2020-09-24,0.97706,1,0.0026654532061838,3
2020-09-25,0.43177435,1,0.0161672576679647,3
2020-09-28,0.9820879,0,0.0166091889467516,3
2020-09-29,0.90818506,1,-0.0054462048180496,3
2020-09-30,0.993203,1,0.007582034056957,3
2020-10-01,0.98069924,1,0.0064200293890899,3
2020-10-07,0.9744074,1,0.0174066524439899,3
2020-10-08,0.9823423,1,0.0088626461325049,3
2020-10-12,0.9975692,0,0.0160876824941174,3
2020-10-13,0.825591,0,-0.0065261062828065,3
2020-10-14,0.9959342,0,-0.0062834456958813,3
2020-10-16,0.1406514,0,-0.0006043968362613,3
2020-10-19,0.66787916,1,-0.0152034201497842,3
2020-10-20,0.0052045123,0,0.0040058075211975,3
2020-10-21,0.3052369,1,-0.0018929075359093,3
2020-10-22,0.03737869,1,0.0054851909205375,3
2020-10-23,0.041455794,0,0.0033954717164663,3
2020-10-26,0.012432646,0,-0.018480164869813,3
2020-10-27,0.11922059,1,-0.0034473096738506,3
2020-10-29,0.056799926,1,0.0101635308210894,3
2020-11-02,0.0045201466,1,0.0112084431384562,3
2020-11-03,0.0148235345,1,0.0176558965922164,3
2020-11-04,0.014679951,1,0.0223490136676995,3
2020-11-05,0.06957263,0,0.019503043813051,3
2020-11-06,0.09309556,1,-0.0002283339111001,3
2020-11-09,0.04443382,0,0.012565720589335,3
2020-11-10,0.27019224,0,-0.0014666870645051,3
2020-11-12,0.0875226,1,-0.0097010996659958,3
2020-11-13,0.13792738,1,0.0138443362040234,3
2020-11-16,0.1333277,0,0.012482823479855,3
2020-11-17,0.061893485,0,-0.0053783410585102,3
2020-11-18,0.08932387,1,-0.0120349451941189,3
2020-11-19,0.45321846,0,0.0042102197265556,3
2020-11-20,0.31075755,1,-0.0068478398708532,3
2020-11-23,0.13943441,1,0.0059944352390395,3
2020-11-24,0.19403836,0,0.0161137537109188,3
2020-11-25,0.032642405,1,-0.0015420303303216,3
2020-11-27,0.7224285,0,0.0027853571702909,3
2020-11-30,0.8070018,1,-0.0044271983577311,3
2020-12-01,0.9125897,1,0.0109371107991853,3
2020-12-02,0.6741652,1,0.0021041394765346,3
2020-12-04,0.9582656,0,0.008617839888239,3
2020-12-07,0.78993875,1,-0.0020551768062765,3
2020-12-08,0.9553234,0,0.002926454256015,3
2020-12-09,0.15598764,0,-0.0089691666326201,3
2020-12-10,0.9609828,0,-0.0003270379640659,3
2020-12-11,0.6708787,0,-0.0011724553768481,3
2020-12-14,0.9623891,1,-0.0044771824465922,3
2020-12-15,0.41633344,1,0.0135194224718309,3
2020-12-16,0.95887524,1,0.0015694813466433,3
2020-12-17,0.2972574,0,0.0055917568279089,3
2020-12-18,0.948047,0,-0.0039928571089371,3
2020-12-21,0.08436936,0,-0.0035754326675261,3
2020-12-22,0.9734372,1,-0.0016854509544936,3
2020-12-23,0.7786761,1,0.0008986022669559,3
2020-12-24,0.9567771,0,0.0038902107123568,3
2020-12-29,0.92309564,1,-0.0019077512664404,3
2020-12-30,0.9831418,0,0.0014266598302592,3
2021-01-04,0.9850128,1,-0.0136139274209832,3
2021-01-05,0.9795251,1,0.0068872565072164,3
2021-01-06,0.92140645,1,0.0059785666275247,3
2021-01-07,0.97755855,0,0.0148574585897622,3
2021-01-11,0.959843,1,-0.0067405645689846,3
2021-01-13,0.94448113,0,0.0026929179407868,3
2021-01-14,0.953953,0,-0.0035018106406259,3
2021-01-15,0.8802981,1,-0.0072925602466711,3
2021-01-19,0.9179427,1,0.0078517748981448,3
2021-01-20,0.90893495,1,0.013838677431651,3
2021-01-21,0.8744766,1,0.000911762947747,3
2021-01-25,0.78336596,0,0.0039439147836528,3
2021-01-26,0.7219687,1,-0.0015609891114903,3
2021-01-28,0.8915839,0,0.0086002073243278,3
2021-01-29,0.551366,1,-0.0200197045593595,3
2021-02-01,0.62709653,1,0.0166456960831764,3
2021-02-02,0.79644066,1,0.014140301140503,3
2021-02-03,0.8731895,1,0.0007863039587636,3
2021-02-04,0.61288774,1,0.0113654745902143,3
2021-02-05,0.584764,0,0.0039360239329973,3
2021-02-09,0.42916968,1,-0.0006657609001862,3
2021-02-12,0.6903013,0,0.0049396762818034,3
2021-02-16,0.34914014,1,-0.0008658747551599,3
2021-02-17,0.5205202,0,0.0002294105486642,3
2021-02-18,0.36477908,0,-0.0042559561413805,3
2021-02-22,0.26431048,0,-0.0076917490371732,3
2021-02-26,0.40574726,1,-0.0051526413627929,3
2021-03-01,0.33480188,0,0.0242401867461738,3
2021-03-02,0.3368163,0,-0.0078032133053731,3
2021-03-03,0.28203782,0,-0.0132454569855954,3
2021-03-04,0.3913412,1,-0.0123750898396005,3
2021-03-05,0.27477297,0,0.0183966673946776,3
2021-03-08,0.45794776,1,-0.0049786701856803,3
2021-03-09,0.19011068,1,0.0142774775562541,3
2021-03-10,0.22207813,1,0.0062244639373756,3
2021-03-11,0.2142337,1,0.0101391069068335,3
2021-03-12,0.19452558,1,0.0013468983443363,3
2021-03-15,0.49571684,0,0.0059635952269401,3
2021-03-16,0.59582925,1,-0.00126154494112,3
2021-03-17,0.915691,0,0.0034102762100609,3
2021-03-18,0.77253056,0,-0.0145497490104089,3
2021-03-19,0.9569392,1,-0.0018505358227515,3
2021-03-22,0.85122216,0,0.0079851115424751,3
2021-03-23,0.9719927,0,-0.0078708761857251,3
2021-03-24,0.25374648,1,-0.0050833195283517,3
2021-03-26,0.85468584,0,0.0161146023618821,3
2021-03-29,0.6323956,0,-0.0005051741997682,3
2021-03-30,0.9729769,1,-0.0026527456964609,3
2021-03-31,0.95886034,1,0.0040533678897638,3
2021-04-01,0.9809142,1,0.010799146692392,3
2021-04-05,0.98476255,0,0.0143528376731818,3
2021-04-06,0.8977935,1,-0.0005904523416612,3
2021-04-08,0.82813984,1,0.0047465959728767,3
2021-04-09,0.891421,1,0.0072704104862768,3
2021-04-12,0.97073764,1,0.0003643036147698,3
2021-04-13,0.9848889,1,0.0029638021656726,3
2021-04-16,0.9797386,0,0.0033424035962303,3
2021-04-19,0.98577,0,-0.0049129270575626,3
2021-04-20,0.966251,1,-0.0073217354602281,3
2021-04-21,0.967953,1,0.0094621811896671,3
2021-04-23,0.8549972,0,0.010842312641069,3
2021-04-27,0.7924202,0,-0.0002154256262669,3
2021-04-28,0.82252437,1,-0.0002874516909575,3
2021-04-29,0.76514024,0,0.0063728476664999,3
2021-04-30,0.86513543,1,-0.0065704831466913,3
2021-05-03,0.8978094,0,0.0021568684851329,3
2021-05-04,0.8967613,1,-0.0061693842509978,3
2021-05-05,0.86248326,1,0.0003127644153049,3
2021-05-07,0.65703213,0,0.007278176224464,3
2021-05-10,0.89226556,0,-0.0099024517259614,3
2021-05-11,0.31178984,0,-0.0089247470145249,3
2021-05-12,0.7712525,1,-0.0212451572581201,3
2021-05-13,0.4630878,1,0.0120123845559452,3
2021-05-14,0.8561432,0,0.0153553044841414,3
2021-05-17,0.8528523,0,-0.0025442365461462,3
2021-05-18,0.9007522,1,-0.0086157966906552,3
2021-05-20,0.88869035,1,0.01075806032121,3
2021-05-24,0.96475023,1,0.0101943053581099,3
2021-05-26,0.79969436,1,0.0019843834576138,3
2021-05-27,0.96173596,1,0.0005252523905574,3
2021-05-28,0.912174,0,0.0017884850111613,3
2021-06-01,0.911254,1,-0.0008806956025629,3
2021-06-02,0.7564703,0,0.0015726524152492,3
2021-06-03,0.5934927,1,-0.0037113488122949,3
2021-06-04,0.59764075,0,0.0091458594046394,3
2021-06-07,0.5485773,1,-0.0009702308272931,3
2021-06-08,0.71780616,0,0.0002130116570013,3
2021-06-09,0.72185165,1,-0.0014918411905431,3
2021-06-10,0.85844386,0,0.0046485691292907,3
2021-06-15,0.8785648,0,-0.0018341236228506,3
2021-06-16,0.9536299,0,-0.0055833574051376,3
2021-06-17,0.9488967,1,-0.0003318932052024,3
2021-06-21,0.9444003,0,0.0143158954876565,3
2021-06-23,0.91101134,1,-0.0012053102227267,3
2021-06-24,0.96390873,1,0.005915737352572,3
2021-06-25,0.94058543,1,0.0035520010067824,3
2021-06-28,0.9811036,1,0.0020159267091426,3
2021-06-29,0.9024344,1,0.0005380999050692,3
2021-06-30,0.97179943,1,0.0008417343983844,3
2021-07-01,0.9465961,1,0.0055365369908289,3
2021-07-02,0.8710062,1,0.0076434247159191,3
2021-07-07,0.55637807,1,0.0035341363899732,3
2021-07-12,0.8140356,0,0.003581824399369,3
2021-07-13,0.87913483,1,-0.0034087817472807,3
2021-07-14,0.90251553,0,0.0014920195650907,3
2021-09-03,0.36252725,0,-0.0002425974548633,4
2021-09-07,0.30166242,0,-0.0035755176852859,4
2021-09-08,0.2180724,0,-0.0012183526007829,4
2021-09-09,0.29850653,0,-0.0042802444791072,4
2021-09-14,0.16645715,1,-0.0053964170801408,4
2021-09-15,0.03147382,0,0.0083523849026267,4
2021-09-16,0.6224019,0,-0.0015849863521691,4
2021-09-17,0.3530622,0,-0.0097409693549225,4
2021-09-20,0.9705454,0,-0.0166743040465047,4
2021-09-21,0.5106086,1,-0.0009445952950958,4
2021-09-23,0.932041,1,0.0121500484949177,4
2021-09-24,0.9258264,0,0.0016472292642315,4
2021-09-27,0.9015456,0,-0.0028610218496145,4
2021-09-28,0.51992124,1,-0.020151926878371,4
2021-09-29,0.67277306,0,0.0016833065955743,4
2021-09-30,0.33458635,1,-0.012222454043014,4
2021-10-01,0.74018526,0,0.0118842283845539,4
2021-10-04,0.55709994,1,-0.0128962141038264,4
2021-10-05,0.18225051,1,0.0104050981561951,4
2021-10-06,0.16690834,1,0.0041562664974466,4
2021-10-07,0.2049435,0,0.0086455389166155,4
2021-10-08,0.47771922,0,-0.0018237422944624,4
2021-10-11,0.5659592,0,-0.0072398090636102,4
2021-10-12,0.28743935,1,-0.0024615878162245,4
2021-10-13,0.8214592,1,0.003597867543237,4
2021-10-14,0.94953245,1,0.0168204267144524,4
2021-10-15,0.9501887,1,0.00761574514475,4
2021-10-18,0.97018254,1,0.0029605185758205,4
2021-10-19,0.8878184,1,0.0077150364565592,4
2021-10-20,0.8000056,1,0.00392773292333,4
2021-10-21,0.7174677,0,0.002608196561296,4
2021-10-22,0.9601625,1,-0.0010361096193871,4
2021-10-25,0.21731865,1,0.0053627391466992,4
2021-10-26,0.309421,0,0.0009002063445273,4
2021-10-27,0.12826444,1,-0.0044304349500574,4
2021-10-28,0.26280937,1,0.0096489628687588,4
2021-10-29,0.28003898,1,0.0020289993077962,4
2021-11-01,0.13205603,1,0.0017203277725217,4
2021-11-02,0.23682624,1,0.0040431774669391,4
2021-11-03,0.05610402,1,0.0061050933130646,4
2021-11-04,0.21503001,1,0.004712568994708,4
2021-11-05,0.16535296,1,0.0034696608283133,4
2021-11-08,0.58530027,0,0.0008535647022576,4
2021-11-09,0.19612886,0,-0.0033052673012311,4
2021-11-10,0.41707325,1,-0.0080449357743647,4
2021-11-11,0.5789281,1,0.0003234854097706,4
2021-11-12,0.19586226,1,0.0075469673026928,4
2021-11-15,0.09144719,1,0.0003423051123321,4
2021-11-16,0.13515101,0,0.0039578476894024,4
2021-11-17,0.15072614,1,-0.0024290023095883,4
2021-11-18,0.32945633,0,0.0033962785602106,4
2021-11-19,0.84975255,0,-0.001788394649165,4
2021-11-22,0.9296337,1,-0.0028151727429153,4
2021-11-23,0.776296,1,0.0013262286324269,4
2021-11-24,0.49388254,1,0.0026698351035707,4
2021-11-29,0.35356638,0,0.0122665441575966,4
2021-11-30,0.56322134,0,-0.0194573962479249,4
2021-12-01,0.8716877,1,-0.0111073540357319,4
2021-12-02,0.87524694,0,0.0153163419743278,4
2021-12-03,0.92507094,1,-0.0087014263109603,4
2021-12-06,0.93103623,1,0.0118433028971614,4
2021-12-07,0.84896773,1,0.0206849653373146,4
2021-12-08,0.773316,0,0.0026478837782237,4
2021-12-09,0.5397847,1,-0.0067515562467089,4
2021-12-10,0.79824,0,0.0094135145635851,4
2021-12-13,0.3452637,0,-0.0088583294732146,4
2021-12-14,0.7941281,1,-0.0068801736302214,4
2021-12-15,0.16904622,0,0.0156252558038341,4
2021-12-16,0.25025275,0,-0.0088185038978498,4
2021-12-17,0.12599598,0,-0.0106429838804721,4
2021-12-20,0.041092042,1,-0.0106334565315897,4
2021-12-21,0.022058789,1,0.017759106572456,4
2021-12-22,0.06546009,1,0.0099986328935808,4
2021-12-23,0.011790509,1,0.0062221006207863,4
2021-12-27,0.124243975,0,0.014152105088208,4
2021-12-28,0.124753214,1,-0.0008172242427599,4
2021-12-29,0.13160197,0,0.0012792178234626,4
2021-12-30,0.5390425,0,-0.0027643474164841,4
2021-12-31,0.21097946,1,-0.0025202979338447,4
2022-01-03,0.42478263,0,0.0057900586970485,4
2022-01-04,0.123414606,0,-0.0003350661243838,4
2022-01-05,0.18274716,0,-0.0192021002000293,4
2022-01-06,0.080831185,0,-0.0009394431730281,4
2022-01-07,0.069846585,0,-0.0039536473107925,4
2022-01-10,0.108586915,1,-0.0012441371580641,4
2022-01-11,0.114384174,1,0.0091080882723344,4
2022-01-12,0.27420673,0,0.002703422456546,4
2022-01-13,0.13941315,1,-0.0137784251940541,4
2022-01-14,0.23372065,0,0.0004090418539075,4
2022-01-18,0.30293268,0,-0.0177095934013024,4
2022-01-19,0.12968963,0,-0.010383534156073,4
2022-01-20,0.049257264,0,-0.0110680409986835,4
2022-01-21,0.11683165,1,-0.0196306525240506,4
2022-01-24,0.2802367,0,0.0042467170604745,4
2022-01-25,0.55603224,0,-0.0122090031561743,4
2022-01-26,0.28616914,0,-0.0025088519843963,4
2022-01-27,0.8369596,1,-0.0049379893696062,4
2022-01-28,0.60475445,1,0.0248355942588192,4
2022-01-31,0.9530536,1,0.0180109165716095,4
2022-02-01,0.5955544,1,0.0067569838086061,4
2022-02-02,0.88361263,0,0.0097141034635641,4
2022-02-03,0.91443956,1,-0.0235050174224555,4
2022-02-04,0.9170947,0,0.0047022159203329,4
2022-02-07,0.12021096,1,-0.0032092018962572,4
2022-02-08,0.7833785,1,0.0082278099559369,4
2022-02-09,0.13097271,0,0.0146359971942964,4
2022-02-10,0.225042,0,-0.0179655693082062,4
2022-02-11,0.2206164,0,-0.0197188261214291,4
2022-02-14,0.7957279,1,-0.0032692392520792,4
2022-02-15,0.11926384,1,0.0161269511342412,4
2022-02-16,0.615241,0,0.0011207716342889,4
2022-02-17,0.06838787,0,-0.0213614313855265,4
2022-02-18,0.65116197,0,-0.0064749690367887,4
2022-02-22,0.15216738,0,-0.0107316656883309,4
2022-02-23,0.08982771,1,-0.0177387000750622,4
2022-02-24,0.05463766,1,0.0150489873687245,4
2022-02-25,0.07966899,0,0.0220641537469232,4
2022-02-28,0.031626888,0,-0.0025585398818962,4
2022-03-01,0.63401866,1,-0.0152302334105044,4
2022-03-02,0.04699373,0,0.0183962826645991,4
2022-03-03,0.795451,0,-0.0049785141252446,4
2022-03-04,0.5985831,0,-0.0081246943088379,4
2022-03-07,0.9177528,1,-0.0294791059968031,4
2022-03-09,0.8723486,0,0.0268107926314986,4
2022-03-10,0.9415334,0,-0.0045156587239741,4
2022-03-11,0.25648525,0,-0.0127149583378001,4
2022-03-14,0.3907401,1,-0.0073084167169771,4
2022-03-15,0.4832507,1,0.0219907068135121,4
2022-03-16,0.8920229,1,0.0221740458881845,4
2022-03-17,0.17667325,1,0.0125109970030259,4
2022-03-18,0.8822154,0,0.0109527927645143,4
2022-03-21,0.7100416,1,-0.0002924555415636,4
2022-03-22,0.795478,0,0.0117013552287428,4
2022-03-23,0.3606643,1,-0.0128784244379366,4
2022-03-24,0.7708368,1,0.0150744081317495,4
2022-03-25,0.26252425,1,0.0048835059877119,4
2022-03-28,0.7599874,1,0.0071132023131739,4
2022-03-29,0.6874091,0,0.0123707869728635,4
2022-03-30,0.4359134,0,-0.0061748071979434,4
2022-03-31,0.26015672,1,-0.0153914332130463,4
2022-04-01,0.37599573,1,0.0028340740693406,4
2022-04-04,0.029031118,0,0.0085666969699544,4
2022-04-05,0.63848716,0,-0.0126312796707588,4
2022-04-06,0.3524923,1,-0.0099992577290034,4
2022-04-07,0.09995205,0,0.0050388870396045,4
2022-04-08,0.075218536,0,-0.0026739137207645,4
2022-04-11,0.114206254,0,-0.0170922963079298,4
2022-04-12,0.32890025,1,-0.0037052182856859,4
2022-04-13,0.24699196,0,0.0114535333773302,4
2022-04-14,0.08092495,1,-0.0124518570799343,4
2022-04-18,0.23239659,1,0.0004112198109795,4
2022-04-19,0.08309049,0,0.016142785597554,4
2022-04-20,0.11806159,0,-0.000741669298501,4
2022-04-21,0.06812401,0,-0.0149536410087786,4
2022-04-22,0.059001476,1,-0.0274391429001239,4
2022-04-25,0.5748927,0,0.0057977579272918,4
2022-04-26,0.40569317,1,-0.0289609569337887,4
2022-04-27,0.60568774,1,0.0028119519556732,4
2022-04-28,0.53790325,0,0.0252593514179917,4
2022-04-29,0.24368483,1,-0.0369555912854128,4
2022-05-02,0.73533803,1,0.0060193039587772,4
2022-05-03,0.12710355,1,0.0045841577585927,4
2022-05-04,0.6719045,0,0.0304528882582868,4
2022-05-05,0.7549855,0,-0.0355429030114732,4
2022-05-06,0.9599297,0,-0.0059688760435303,4
2022-05-09,0.39020276,1,-0.0320173898563432,4
2022-05-10,0.9515272,0,0.0023107057167959,4
2022-05-11,0.7551115,0,-0.015886309661747,4
2022-05-12,0.8152062,1,-0.0010436385770687,4
2022-05-13,0.9522534,0,0.0239075525268062,4
2022-05-16,0.92506135,1,-0.0040575525877335,4
2022-05-17,0.7960177,0,0.0205705544199916,4
2022-05-18,0.6100675,0,-0.0403115571551344,4
2022-05-19,0.9406534,1,-0.0061246586784724,4
2022-05-20,0.9649861,1,0.0004365603752212,4
2022-05-23,0.67534816,0,0.0187101607762083,4
2022-05-24,0.81910074,1,-0.0076338048742338,4
2022-05-25,0.6979833,1,0.0088349932850761,4
2022-05-26,0.69348156,1,0.0199814245268714,4
2022-05-27,0.7751879,0,0.0245490007248079,4
2022-05-31,0.54004383,0,-0.0056108769062814,4
2022-06-01,0.6892556,1,-0.0080886348374635,4
2022-06-02,0.6153733,0,0.0190433845622182,4
2022-06-03,0.07060128,1,-0.0164114508457032,4
2022-06-06,0.06392652,1,0.0030446086961548,4
2022-06-07,0.053974185,0,0.0095923459343616,4
2022-06-08,0.07732228,0,-0.0108719546933624,4
2022-06-09,0.115435645,0,-0.0237831158382623,4
2022-06-10,0.052405212,0,-0.0289955063399636,4
2022-06-13,0.020731485,0,-0.0379682688024272,4
2022-06-14,0.050045956,1,-0.0030133350208054,4
2022-06-15,0.07288785,0,0.0142564634967872,4
2022-06-16,0.24598703,1,-0.0330961662140237,4
2022-06-17,0.55583334,1,0.0021557452473768,4
2022-06-21,0.6614904,0,0.0251734967924071,4
2022-06-22,0.88509905,1,-0.0018128455537312,4
2022-06-23,0.97864616,1,0.0098026247393379,4
2022-06-24,0.9603766,0,0.0317936828161888,4
2022-06-27,0.6468098,0,-0.0038195700681519,4
2022-06-28,0.25806037,0,-0.0204328506197578,4
2022-06-29,0.74261576,0,-0.0008144957767848,4
2022-06-30,0.2268878,1,-0.008124229334064,4
2022-07-01,0.53498036,1,0.0105764687978893,4
2022-07-05,0.72160304,1,0.0018885318153833,4
2022-07-06,0.3194042,1,0.0033774678763123,4
2022-07-07,0.2288048,0,0.0149770284968275,4
2022-07-08,0.949782,0,-0.0008224789235671,4
2022-07-11,0.36833352,0,-0.0114236301456797,4
2022-07-12,0.96676046,0,-0.008848801527256,4
2022-07-13,0.07865365,0,-0.0052518109143495,4
2022-07-14,0.9901644,1,-0.0024284239897475,4
2022-07-15,0.7544069,0,0.0191052084659655,4
2022-07-18,0.13623275,1,-0.0082569793088856,4
2022-07-19,0.021366157,1,0.0270191892763556,4
2022-07-20,0.00914395,1,0.0063730061615359,4
2022-07-21,0.64977,0,0.0101831926446649,4
2022-07-22,0.3184238,1,-0.0092779533192715,4
2022-07-25,0.95113343,1,0.0012148317443487,4
2022-07-27,0.9484519,1,0.0259663465497028,4
2022-07-28,0.58374196,1,0.0125422797965331,4
2022-09-14,0.9636472,0,0.0038158117465725,5
2022-09-15,0.81935114,0,-0.0113532661476235,5
2022-09-16,0.8206995,1,-0.0076288619630229,5
2022-09-19,0.95946634,0,0.0077548911064073,5
2022-09-20,0.9650177,0,-0.0114785376185121,5
2022-09-21,0.9501557,0,-0.0174437742804733,5
2022-09-22,0.60413074,0,-0.0083997735411346,5
2022-09-23,0.08318012,0,-0.0167547412100574,5
2022-09-26,0.55963117,0,-0.009892942549773,5
2022-09-27,0.07651581,1,-0.0025525013736616,5
2022-09-28,0.48547927,0,0.0196763697518289,5
2022-09-29,0.08111408,0,-0.020888996946588,5
2022-09-30,0.22951218,1,-0.015463578666588,5
2022-10-03,0.11898156,1,0.026401155871855,5
2022-10-04,0.66095626,0,0.030986643605849,5
2022-10-05,0.40492585,0,-0.0023282505108034,5
2022-10-06,0.93566024,0,-0.0103158880749207,5
2022-10-07,0.48236954,0,-0.0278936753914584,5
2022-10-10,0.95575327,0,-0.0076355040772007,5
2022-10-11,0.11531245,0,-0.0063329734343688,5
2022-10-12,0.11054568,1,-0.0032984900616853,5
2022-10-13,0.6153322,0,0.0263911491847594,5
2022-10-14,0.48854184,1,-0.0227886308652789,5
2022-10-17,0.85312057,1,0.0256969721974023,5
2022-10-18,0.91400295,0,0.0117496006472517,5
2022-10-19,0.7485406,0,-0.0070865769994359,5
2022-10-20,0.9111365,1,-0.0083852165243932,5
2022-10-21,0.96635795,1,0.0243012914230018,5
2022-10-24,0.98528606,1,0.0122365744524148,5
2022-10-25,0.5728158,0,0.0159684672794391,5
2022-10-26,0.9695142,0,-0.0075339100717347,5
2022-10-27,0.9754441,1,-0.0053399742840183,5
2022-10-28,0.9003568,0,0.0237905887907741,5
2022-10-31,0.6094841,0,-0.0072231787806636,5
2022-11-01,0.9227304,0,-0.0043760116048126,5
2022-11-02,0.94815075,0,-0.0250962648685205,5
2022-11-03,0.79536134,1,-0.0102968183911867,5
2022-11-04,0.4437167,1,0.0143930423000893,5
2022-11-07,0.72243774,1,0.0095657609415684,5
2022-11-08,0.4651118,0,0.0053955975024364,5
2022-11-09,0.97915685,1,-0.0206024117046038,5
2022-11-10,0.6091163,1,0.0549542689469877,5
2022-11-11,0.88454145,0,0.0096785532750256,5
2022-11-14,0.92185426,1,-0.0085067884423922,5
2022-11-15,0.7375245,0,0.0085291530699647,5
2022-11-16,0.9377113,0,-0.0076288674601883,5
2022-11-17,0.920019,1,-0.0030598560825495,5
2022-11-18,0.97100174,0,0.0045403924413527,5
2022-11-21,0.47669134,1,-0.0036359861051581,5
2022-11-22,0.9884276,1,0.0134569441853324,5
2022-11-23,0.57528305,0,0.0063016169124558,5
2022-11-25,0.98486614,0,-0.000223783862718,5
2022-11-28,0.9203231,0,-0.0159569423143861,5
2022-11-29,0.25074863,1,-0.0017174624478277,5
2022-11-30,0.8602898,0,0.0315006192793896,5
2022-12-01,0.71362484,0,-0.0007359317691799,5
2022-12-02,0.22183324,0,-0.0011536918098887,5
2022-12-05,0.3736862,0,-0.0179893870610858,5
2022-12-06,0.17880587,0,-0.0144146897160368,5
2022-12-07,0.5628063,1,-0.0017011798367274,5
2022-12-08,0.58469707,0,0.0078340389514119,5
2022-12-09,0.050338335,1,-0.0074701919406929,5
2022-12-12,0.82306784,1,0.0144170593581314,5
2022-12-13,0.13414666,0,0.0075698562364174,5
2022-12-14,0.28250265,0,-0.0063935240136078,5
2022-12-15,0.06746139,0,-0.0244617557063258,5
2022-12-16,0.32419884,0,-0.0118060657541499,5
2022-12-19,0.34606686,1,-0.0084795455904413,5
2022-12-20,0.32344678,1,0.0013682035036537,5
2022-12-21,0.10546763,0,0.0149526491126648,5
2022-12-22,0.71656257,1,-0.0142662790707204,5
2022-12-23,0.18603604,0,0.005752252084096,5
2022-12-27,0.5834868,0,-0.0039433494232328,5
2022-12-28,0.14574191,1,-0.01242812649985,5
2022-12-29,0.2900452,0,0.0180005282631279,5
2022-12-30,0.53464806,0,-0.0026340711506304,5
2023-01-03,0.930846,1,-0.0042100174975955,5
2023-01-04,0.5352668,0,0.0077203536657093,5
2023-01-05,0.7116994,1,-0.0114136155711163,5
2023-01-06,0.85902804,0,0.0229322529434592,5
2023-01-09,0.7507799,1,-0.0005670402318797,5
2023-01-10,0.83752006,1,0.0070129429852656,5
2023-01-11,0.8132705,1,0.0126479723209056,5
2023-01-12,0.2562314,1,0.0036407589252094,5
2023-01-13,0.714364,0,0.003879451918471,5
2023-01-17,0.668518,0,-0.0018319467104709,5
2023-01-18,0.3708541,0,-0.0157879696587939,5
2023-01-19,0.7837633,1,-0.0072798242479855,5
2023-01-20,0.40713146,1,0.0186290020765045,5
2023-01-23,0.8044527,0,0.0119986544671044,5
2023-01-24,0.89992696,1,-0.0010733504042268,5
2023-01-25,0.77760774,1,0.0003749887487556,5
2023-01-26,0.67611843,1,0.0109903811631235,5
2023-01-27,0.32617474,0,0.0022974489846592,5
2023-01-30,0.64798844,1,-0.0125468080630652,5
2023-01-31,0.25954297,1,0.014703407234528,5
2023-02-01,0.5578149,1,0.0106277775792018,5
2023-02-02,0.62017244,0,0.0145569563194223,5
2023-02-03,0.52981836,0,-0.0106290515612024,5
2023-02-06,0.34967884,1,-0.0061113602965927,5
2023-02-07,0.48143128,0,0.0130786594090261,5
2023-02-08,0.15772922,0,-0.0109349154903463,5
2023-02-09,0.7656506,1,-0.0086691164902603,5
2023-02-10,0.7614686,1,0.002333696428806,5
2023-02-13,0.4279794,0,0.0117390595378414,5
2023-02-14,0.38558972,1,-0.0004601270152984,5
2023-02-15,0.39070362,0,0.0032472259618518,5
2023-02-16,0.37186968,0,-0.0137688296433633,5
2023-02-17,0.41953567,0,-0.0024981573163052,5
2023-02-21,0.3921432,0,-0.0200609587143253,5
2023-02-22,0.77671105,1,-0.0013780955694802,5
2023-02-23,0.6528357,0,0.005319204702173,5
2023-02-24,0.65751135,1,-0.0106822190915543,5
2023-02-27,0.4592272,0,0.0034059061527116,5
2023-02-28,0.4781915,0,-0.0036960560731522,5
2023-03-01,0.36528403,1,-0.0038359001592354,5
2023-03-02,0.30167812,1,0.0077772807847991,5
2023-03-03,0.1875184,1,0.0160379027209858,5
2023-03-06,0.32114276,0,0.0006926879251769,5
2023-03-07,0.31001902,1,-0.0153287583142294,5
2023-03-08,0.4709026,0,0.0016322429539235,5
2023-03-09,0.59913546,0,-0.0184499877406346,5
2023-03-10,0.48794314,0,-0.0144293995549912,5
2023-03-13,0.5365005,1,-0.0014254077746487,5
2023-03-14,0.75776404,0,0.0165302568435385,5
2023-03-15,0.43870318,1,-0.0062543917545233,5
2023-03-16,0.4648225,0,0.0175452833507194,5
2023-03-17,0.3922731,1,-0.0116928973657637,5
2023-03-20,0.46317554,1,0.0096157570240678,5
2023-03-21,0.28073004,0,0.0131304080684031,5
2023-03-22,0.34705585,1,-0.0170463546256446,5
2023-03-23,0.2580233,1,0.0027033123719062,5
2023-03-24,0.522131,1,0.0065619696575973,5
2023-03-27,0.4979476,0,0.0018699337865912,5
2023-03-28,0.5241375,1,-0.0022446156225979,5
2023-03-29,0.2698028,1,0.0145347840829905,5
2023-03-30,0.30773965,1,0.0058552297508274,5
2023-03-31,0.20830172,1,0.0140947428862536,5
2023-04-03,0.28229997,0,0.00381052191156,5
2023-04-04,0.5991273,0,-0.0055480242141642,5
2023-04-05,0.527373,1,-0.0026183835929648,5
2023-04-06,0.7407439,1,0.0039008291060553,5
2023-04-10,0.48772463,1,0.0010263253452886,5
2023-04-11,0.518533,0,0.0002686742044279,5
2023-04-12,0.45815846,1,-0.0040759012406489,5
2023-04-13,0.58509356,0,0.013282596514238,5
2023-04-14,0.21666072,1,-0.0024428542110006,5
2023-04-17,0.20440754,1,0.0035883545143802,5
2023-04-18,0.14386389,0,0.0006523183545152,5
2023-04-19,0.18062866,0,-0.0001689303768563,5
2023-04-20,0.23651999,0,-0.0054571675053699,5
2023-05-01,0.39665237,0,-0.0010098456922423,5
2023-05-02,0.42567182,0,-0.0112391356514556,5
2023-05-03,0.49787158,0,-0.00686399076256,5
2023-05-04,0.23309311,1,-0.0070830785215477,5
2023-05-05,0.5681813,1,0.0185126621319293,5
2023-05-08,0.25538558,0,0.0002665549296116,5
2023-05-09,0.6559664,1,-0.0043852186699779,5
2023-05-10,0.43086872,0,0.0046722678835471,5
2023-05-11,0.8778325,0,-0.0017439808867087,5
2023-05-12,0.7918382,1,-0.0013103663937769,5
2023-05-15,0.53688127,0,0.003450219999983,5
2023-05-16,0.39146164,1,-0.0066827842032871,5
2023-05-17,0.6698533,1,0.0121389634917183,5
2023-05-18,0.3491231,0,0.0096333251948768,5
2023-05-19,0.59418833,1,-0.0014551569314467,5
2023-05-22,0.33428317,0,0.0004060129080467,5
2023-05-23,0.14002138,0,-0.0112227925513691,5
2023-05-24,0.20760094,1,-0.0072447136268329,5
2023-05-25,0.19967881,1,0.0086597426976233,5
2023-05-26,0.41203013,1,0.0129508712852313,5
2023-05-30,0.4653881,0,0.0003807854119546,5
2023-05-31,0.37786448,1,-0.0055450280714841,5
2023-06-01,0.22049932,1,0.0095008513682302,5
2023-06-02,0.15451145,0,0.014461177495356,5
2023-06-05,0.51329017,1,-0.0019160870028183,5
2023-06-06,0.7442599,0,0.0021774372113327,5
2023-06-07,0.7238444,1,-0.00345789755379,5
2023-06-08,0.82612723,1,0.0060487540473004,5
2023-06-09,0.3658838,1,0.0017942147321658,5
2023-06-12,0.20784876,1,0.0090719272925505,5
2023-06-13,0.1122353,1,0.0065928681996985,5
2023-06-14,0.13924685,1,0.0011908259175714,5
2023-06-15,0.24157879,0,0.0123977010423093,5
2023-06-16,0.64103776,0,-0.0034063356375193,5
2023-06-20,0.37940684,0,-0.0051880552981738,5
2023-06-21,0.69246167,1,-0.0051237028693569,5
2023-06-22,0.38692293,0,0.0036095922465275,5
2023-06-23,0.37896273,0,-0.00755999178074,5
2023-06-26,0.3111215,1,-0.0040857470961781,5
2023-06-27,0.25132227,1,0.0109633013360115,5
2023-06-28,0.4039509,1,0.0005044163259173,5
2023-06-29,0.0959602,1,0.0039413619904888,5
2023-06-30,0.3633903,1,0.0118007564364974,5
2023-07-03,0.19091439,0,0.0011504862687943,5
2023-07-05,0.57054824,0,-0.0014872660674325,5
2023-07-06,0.35369897,0,-0.0078305356078132,5
2023-07-07,0.45046481,1,-0.0025247131704465,5
2023-07-10,0.3501411,1,0.00253110348074,5
2023-07-11,0.224342,1,0.006368448202471,5
2023-07-12,0.20904008,1,0.0080460343049042,5
2023-07-13,0.451349,0,0.0079369434216665,5
2023-07-14,0.19233577,1,-0.0006228693907949,5
2023-07-17,0.44283113,1,0.0034721454969794,5
2023-07-18,0.20811872,1,0.0074305649726884,5
2023-07-19,0.14111072,0,0.0022237742628061,5
2023-07-20,0.3728573,0,-0.0066345726601966,5
2023-07-21,0.20019458,1,0.0,5
2023-07-24,0.51220065,1,0.0044674578351533,5
2023-07-25,0.20756763,1,0.0027299062554881,5
2023-07-26,0.1971809,0,0.00015375870713,5
2023-07-27,0.3597186,1,-0.0066299196860135,5
2023-07-28,0.22992323,1,0.0097902899997097,5
2023-07-31,0.2918479,0,0.0019040350388652,5
2023-08-01,0.40345368,0,-0.0028616051753479,5
2023-08-02,0.2455069,0,-0.0139107481126431,5
2023-08-03,0.23020394,0,-0.0028659124691341,5
2023-08-04,0.29869744,1,-0.0045226802819776,5
2023-08-07,0.42247844,0,0.0087285606635949,5
2023-08-08,0.24752073,0,-0.0043487519504313,5
2023-09-21,0.9948312,0,-0.0165282992043103,6
2023-09-22,0.7183344,1,-0.0022484589605258,6
2023-09-25,0.73418146,0,0.0042051318828713,6
2023-09-26,0.13282704,1,-0.0146913495477345,6
2023-09-27,0.1223551,1,0.0003991574029804,6
2023-09-28,0.029247535,0,0.0057975238013781,6
2023-09-29,0.25628373,0,-0.0024269459675766,6
2023-10-02,0.9612584,0,-0.0003977366142881,6
2023-10-03,0.41310954,1,-0.0133859278408748,6
2023-10-04,0.13625528,0,0.0072819284713132,6
2023-10-05,0.36821494,1,-0.0003769345819085,6
2023-10-06,0.05359086,1,0.0118728647468671,6
2023-10-09,0.970126,1,0.0064021411361601,6
2023-10-10,0.8842366,1,0.0052049450744029,6
2023-10-11,0.99349624,0,0.004096243310383,6
2023-10-12,0.4683782,0,-0.0060964462139136,6
2023-10-13,0.8435323,1,-0.0049809528024095,6
2023-10-16,0.511729,0,0.0105215258142319,6
2023-10-17,0.6471202,0,-4.587817284540385e-05,6
2023-10-18,0.09098772,0,-0.0133250255805883,6
2023-10-19,0.42464203,0,-0.0087862961112993,6
2023-10-20,0.054483917,0,-0.0122881734516281,6
2023-10-23,0.68133736,1,-0.0017333332243186,6
2023-10-24,0.7497413,0,0.0075395403322595,6
2023-10-25,0.92357296,0,-0.0143522064011205,6
2023-10-26,0.85265607,0,-0.0119747396378472,6
2023-10-27,0.45757836,1,-0.0045327534921825,6
2023-10-30,0.93461156,1,0.0119558199225042,6
2023-10-31,0.96074003,1,0.0062801657977631,6
2023-11-01,0.41634223,1,0.0106648754257359,6
2023-11-02,0.08530314,1,0.0191643429775505,6
2023-11-03,0.29913202,1,0.0091234907921313,6
2023-11-06,0.02217792,1,0.0023003843480526,6
2023-11-07,0.9416011,1,0.0028460132103069,6
2023-11-08,0.99042547,0,0.000732483939521,6
2023-11-09,0.8250035,1,-0.0077988275517953,6
2023-11-10,0.94947594,0,0.0156047971996948,6
2023-11-13,0.45505807,1,-0.0009531646915114,6
2023-11-14,0.5612456,1,0.0194008813041519,6
2023-11-15,0.75571793,1,0.0021169223745363,6
2023-11-16,0.5352828,1,0.0012230672658453,6
2023-11-17,0.80996436,1,0.001243893611599,6
2023-11-20,0.27041355,0,0.0076975728894317,6
2023-11-21,0.20683305,1,-0.0021793658853671,6
2023-11-22,0.059913255,1,0.0038608118583054,6
2023-11-24,0.32242462,0,0.000615227535113,6
2023-11-27,0.6258767,1,-0.001800816617735,6
2023-11-28,0.7778471,0,0.0009900661366659,6
2023-11-29,0.17714077,1,-0.0007033644299641,6
2023-11-30,0.94307566,1,0.0039374400366245,6
2023-12-01,0.6094536,0,0.0059158183250298,6
2023-12-04,0.9279622,0,-0.0052493098262266,6
2023-12-05,0.05831284,0,-0.0001972195268582,6
2023-12-06,0.22999156,1,-0.0040297079286233,6
2023-12-07,0.046119887,1,0.0076305808384944,6
2023-12-08,0.10299475,1,0.0042990372752664,6
2023-12-11,0.046349335,1,0.0038896122108937,6
2023-12-12,0.46367857,1,0.0045671575038455,6
2023-12-13,0.46062365,1,0.0137901465533605,6
2023-12-14,0.67926663,0,0.0032093435793498,6
2023-12-15,0.8834865,1,-0.0016465962462566,6
2023-12-18,0.45988685,1,0.0056251730213054,6
2023-12-19,0.93899035,0,0.006080791786541,6
2023-12-20,0.1904313,1,-0.0138571969079629,6
2023-12-21,0.66304266,1,0.0094820076838348,6
2023-12-22,0.110872984,1,0.0020095745349586,6
2023-12-26,0.2468499,1,0.0042225310184282,6
2023-12-27,0.4924171,1,0.0018081245710841,6
2023-12-28,0.8569946,0,0.0003776185961879,6
2023-12-29,0.3752603,0,-0.0028949424160965,6
2024-01-02,0.19262931,0,-0.00559631879239,6
2024-01-03,0.3624212,0,-0.0081666003356331,6
2024-01-04,0.90299505,1,-0.0032212126607604,6
2024-01-05,0.9737088,1,0.0013696911705731,6
2024-01-08,0.18621613,0,0.014275959866242,6
2024-01-09,0.9806495,1,-0.0015171445281032,6
2024-01-10,0.82382727,0,0.0056555139682061,6
2024-01-11,0.7458211,1,-0.0004405851551851,6
2024-01-12,0.88454133,0,0.0006925878179555,6
2024-01-16,0.8771706,0,-0.0036710987511435,6
2024-01-17,0.855068,1,-0.0055586477416996,6
2024-01-18,0.9972478,1,0.0088926897930736,6
2024-01-19,0.98638886,1,0.0124661913746346,6
2024-01-22,0.9286501,1,0.0021142698446356,6
2024-01-23,0.9498675,1,0.0029165065590279,6
2024-01-24,0.1207784,1,0.0010932184124989,6
2024-01-25,0.10707826,0,0.0054389248311297,6
2024-01-26,0.56483245,1,-0.0012704377723479,6
2024-01-29,0.032635108,0,0.0079194227300061,6
2024-01-30,0.99880964,0,-0.0007735466836185,6
2024-01-31,0.989347,1,-0.0163172700890064,6
2024-02-01,0.5719131,1,0.0130881465474657,6
2024-02-02,0.4830937,0,0.010527413398256,6
2024-02-05,0.07822274,1,-0.003641236270702,6
2024-02-06,0.038046915,1,0.0029033270707712,6
2024-02-07,0.06069596,1,0.0083403853824104,6
2024-02-08,0.10300813,1,0.0004416261884392,6
2024-02-09,0.8150327,0,0.0057795269008384,6
2024-02-12,0.7193129,0,-0.0004389568479166,6
2024-02-13,0.44726253,1,-0.0137730289815718,6
2024-02-14,0.82844573,1,0.0090875242646148,6
2024-02-15,0.1189627,0,0.0068997597391688,6
2024-02-16,0.9940074,0,-0.004979922921409,6
2024-02-20,0.78733176,1,-0.0055053375813679,6
2024-02-21,0.9982867,1,0.0009058456544954,6
2024-02-22,0.9776551,1,0.020695379915826,6
2024-02-23,0.9295565,0,0.0006897663966971,6
2024-02-26,0.78315544,1,-0.0036626294408215,6
2024-02-27,0.9056801,0,0.0018577040707672,6
2024-02-28,0.9220933,1,-0.0013216065229189,6
2024-02-29,0.5846439,1,0.0035950531005084,6
2024-03-01,0.81275517,0,0.0093882048671234,6
