period_end,first,last,period_return,compound_mean_wt,final_score_wt,compound_max,compound_min,headline_count,start_date,end_date,final_score_wt_lag1
2008-01-04,104.0849380493164,101.48509216308594,-0.024978118207637623,-0.0683,-0.11952499999999999,0.0,-0.2732,4,2008-01-02,2008-01-03,
2008-01-18,101.39897918701172,94.8420181274414,-0.06466496124657439,0.25865,0.387975,0.6597,-0.25,4,2008-01-07,2008-01-10,-0.11952499999999999
2008-02-01,93.87968444824219,100.24266052246094,0.06777798744867747,0.09665714285714287,0.1449857142857143,0.5994,0.0,7,2008-01-22,2008-02-01,0.387975
2008-02-15,98.9787368774414,97.05400085449219,-0.019445954592575698,-0.39893999999999996,-0.580095,0.0,-0.5859,5,2008-02-05,2008-02-11,0.1449857142857143
2008-02-29,97.32694244384766,96.10601806640625,-0.012544567277923191,-0.055420000000000004,-0.08313000000000001,0.5267,-0.4019,5,2008-02-21,2008-02-29,-0.580095
2008-03-14,95.87618255615234,93.08250427246094,-0.029138397141075356,-0.05353999999999999,-0.08030999999999999,0.5106,-0.7783,5,2008-03-05,2008-03-11,-0.08313000000000001
2008-03-28,92.14167022705078,94.91459655761719,0.030094161780804596,-0.46045,-0.690675,-0.296,-0.6249,2,2008-03-18,2008-03-27,-0.08030999999999999
2008-04-11,95.2466049194336,96.26425170898438,0.010684336627133195,0.02200000000000002,0.033,0.34,-0.296,2,2008-04-02,2008-04-07,-0.690675
2008-04-25,95.93946838378906,100.75340270996094,0.050176787585632265,-0.026566666666666666,-0.03985000000000002,0.4215,-0.6249,6,2008-04-16,2008-04-25,0.033
2008-05-09,100.77503204345703,100.24818420410156,-0.005227960028117651,0.02920000000000001,0.04380000000000001,0.3612,-0.296,4,2008-05-05,2008-05-08,-0.03985000000000002
2008-05-23,101.37407684326172,99.33881378173828,-0.02007676049834939,-0.021083333333333325,-0.028841666666666658,0.34,-0.296,6,2008-05-12,2008-05-23,0.04380000000000001
2008-06-06,100.07498931884766,98.364501953125,-0.017092056440524805,0.031016666666666692,0.04652499999999998,0.5719,-0.5719,6,2008-05-27,2008-06-05,-0.028841666666666658
2008-06-20,98.60264587402344,95.44013977050781,-0.03207323774613613,-0.08079999999999998,-0.1212,0.4767,-0.5267,4,2008-06-09,2008-06-20,0.04652499999999998
2008-07-04,95.34580993652344,91.61756134033203,-0.03910238529279353,0.0,0.0,0.3818,-0.3818,5,2008-06-24,2008-07-02,-0.1212
2008-07-18,90.68189239501953,91.3782730102539,0.007679378945918636,0.2394666666666667,0.3592,0.7184,0.0,3,2008-07-07,2008-07-14,0.0
2008-08-01,91.42900848388672,91.50875854492188,0.0008722621229040328,0.24235,0.36352500000000004,0.5106,0.0,4,2008-07-23,2008-08-01,0.3592
2008-08-15,90.66014099121094,94.41740417480469,0.04144338562144956,-0.021749999999999978,-0.03262499999999997,0.5106,-0.296,4,2008-08-04,2008-08-14,0.36352500000000004
2008-08-29,93.12629699707031,93.41643524169922,0.0031155350742446686,0.0036857142857142844,0.005528571428571423,0.34,-0.34,7,2008-08-19,2008-08-28,-0.03262499999999997
2008-09-12,92.83617401123047,91.45802307128906,-0.014844977775308688,-0.03330000000000001,-0.049950000000000036,0.4404,-0.5994,4,2008-09-03,2008-09-11,0.005528571428571423
2008-09-26,87.10600280761719,88.16460418701172,0.012153024421664327,0.0737857142857143,0.11067857142857142,0.7269,-0.3612,7,2008-09-15,2008-09-26,-0.049950000000000036
2008-10-10,81.25588989257812,64.56410217285156,-0.20542249604051388,-0.23358333333333334,-0.35223750000000004,0.0,-0.4939,6,2008-09-29,2008-10-07,0.11067857142857142
2008-10-24,73.9386215209961,63.49894332885742,-0.14119384399361778,-0.17565454545454545,-0.26348181818181815,0.3818,-0.6808,11,2008-10-13,2008-10-24,-0.35223750000000004
2008-11-07,61.244693756103516,68.47441101074219,0.11804642673910304,-0.04884444444444444,-0.08547777777777776,0.2732,-0.5423,9,2008-10-29,2008-11-07,-0.26348181818181815
2008-11-21,67.57706451416016,58.01283645629883,-0.1415306824382292,-0.01921666666666666,-0.02882499999999998,0.4767,-0.296,6,2008-11-10,2008-11-21,-0.08547777777777776
2008-12-05,62.032588958740234,64.14827728271484,0.03410607810326627,0.0777,0.11655000000000004,0.7184,-0.6808,6,2008-11-24,2008-12-04,-0.02882499999999998
2008-12-19,66.38793182373047,64.86019134521484,-0.023012322218019965,-0.45866000000000007,-0.6879900000000001,0.0,-0.6249,5,2008-12-09,2008-12-18,0.11655000000000004
2009-01-02,64.02912139892578,68.36832427978516,0.06776920854222701,-0.05575000000000001,-0.083625,0.4019,-0.6249,4,2008-12-24,2008-12-31,-0.6879900000000001
2009-01-16,68.28743743896484,62.55825424194336,-0.08389805521904692,-0.39503333333333335,-0.59255,-0.2023,-0.7096,3,2009-01-07,2009-01-12,-0.083625
2009-01-30,59.25600814819336,60.91813659667969,0.02804995645892161,0.035128571428571426,0.052692857142857145,0.4754,-0.1779,7,2009-01-20,2009-01-30,-0.59255
2009-02-13,60.734291076660156,60.86664962768555,0.002179305112137042,-0.148,-0.222,0.0,-0.296,2,2009-02-02,2009-02-09,0.052692857142857145
2009-02-27,58.26313781738281,54.37255096435547,-0.06677612979276559,0.08082,0.12123000000000002,0.4404,-0.4767,5,2009-02-17,2009-02-25,-0.222
2009-03-13,51.9234619140625,55.9611701965332,0.07776269404288638,0.003250000000000003,0.004875,0.4404,-0.3182,6,2009-03-02,2009-03-13,0.12123000000000002
2009-03-27,55.7919921875,60.4504508972168,0.08349690568605483,-0.06634999999999999,-0.09952499999999997,0.3612,-0.4939,2,2009-03-18,2009-03-26,0.004875
2009-04-10,58.36161422729492,63.5615234375,0.0890981046198196,-0.23835,-0.357525,0.0,-0.4767,2,2009-04-06,2009-04-06,-0.09952499999999997
2009-04-24,63.57633972167969,64.19115447998047,0.009670496304006848,-0.51705,-0.775575,-0.4767,-0.5574,2,2009-04-13,2009-04-17,-0.357525
2009-05-08,63.58376693725586,68.87252807617188,0.08317785173273773,-0.02037499999999999,-0.030562499999999992,0.34,-0.4215,4,2009-04-28,2009-05-07,-0.775575
2009-05-22,67.5836410522461,65.93922424316406,-0.02433158059375351,0.0,0.0,0.0,0.0,2,2009-05-11,2009-05-11,-0.030562499999999992
2009-06-05,67.62809753417969,70.03543853759766,0.035596757726347183,0.0,0.0,0.0,0.0,4,2009-05-29,2009-06-05,0.0
2009-06-19,69.74656677246094,68.56131744384766,-0.01699365837575928,-0.031016666666666675,-0.06069166666666668,0.4939,-0.34,6,2009-06-11,2009-06-19,0.0
2009-07-03,66.50537872314453,66.90019226074219,0.005936565510606728,0.105375,0.1580625,0.4215,0.0,4,2009-06-24,2009-07-02,-0.06069166666666668
2009-07-17,66.89273834228516,70.11820983886719,0.04821855968995514,0.3327,0.49905,0.6369,0.0,3,2009-07-08,2009-07-13,0.1580625
2009-07-31,70.86309814453125,73.6043701171875,0.03868405481037818,0.0,0.0,0.0,0.0,1,2009-07-31,2009-07-31,0.49905
2009-08-14,74.81855773925781,75.07927703857422,0.0034846875854652737,0.03382,0.05072999999999998,0.2732,-0.2732,5,2009-08-05,2009-08-14,0.0
2009-08-28,73.23188781738281,77.00860595703125,0.0515720439853522,0.0,0.0,0.0,0.0,1,2009-08-19,2009-08-19,0.05072999999999998
2009-09-11,76.32328796386719,78.04399108886719,0.022544929220222,0.014462500000000003,0.02169375000000001,0.4404,-0.4019,8,2009-08-31,2009-09-11,0.0
2009-09-25,78.4239273071289,78.17625427246094,-0.003158130983392571,-0.14732857142857142,-0.22099285714285719,0.5256,-0.6249,7,2009-09-14,2009-09-25,0.02169375000000001
2009-10-09,79.57583618164062,80.27942657470703,0.008841759343381383,-0.11516666666666667,-0.17275,0.4939,-0.6697,9,2009-09-28,2009-10-09,-0.22099285714285719
2009-10-23,80.59375,80.89314270019531,0.0037148376914502013,0.0,0.0,0.0,0.0,2,2009-10-12,2009-10-19,-0.17275
2009-11-06,80.0174560546875,80.18212127685547,0.0020578662492771738,-0.007700000000000007,-0.011549999999999994,0.4019,-0.4404,5,2009-10-27,2009-11-05,0.0
2009-11-20,82.00835418701172,81.903564453125,-0.0012777934019716497,-0.15342,-0.25482499999999997,0.0,-0.4939,5,2009-11-09,2009-11-13,-0.011549999999999994
2009-12-04,82.94391632080078,83.08613586425781,0.0017146470743794051,0.07143333333333333,0.10714999999999997,0.8316,-0.3818,6,2009-11-23,2009-12-03,-0.25482499999999997
2009-12-18,82.9588851928711,82.93144226074219,-0.00033080160208398546,0.07481249999999999,0.11150624999999999,0.4019,-0.3875,8,2009-12-07,2009-12-16,0.10714999999999997
2010-01-01,83.77424621582031,83.85700225830078,0.0009878458621670472,0.403425,0.6051375,0.6808,0.0,4,2009-12-21,2009-12-30,0.11150624999999999
2010-01-15,85.27920532226562,85.51248168945312,0.0027354425537382543,-0.08225555555555555,-0.11277777777777777,0.3818,-0.5423,9,2010-01-05,2010-01-14,0.6051375
2010-01-29,86.58100891113281,80.80943298339844,-0.06666099183088003,0.29286666666666666,0.43929999999999997,0.4767,0.0,3,2010-01-20,2010-01-28,-0.11277777777777777
2010-02-12,82.06608581542969,81.29854583740234,-0.009352706058792348,0.20983333333333332,0.31475000000000003,0.743,0.0,6,2010-02-02,2010-02-12,0.43929999999999997
2010-02-26,82.57777404785156,83.33025360107422,0.009112373903256588,0.012950000000000017,0.019425000000000026,0.5106,-0.4588,4,2010-02-18,2010-02-26,0.31475000000000003
2010-03-12,84.19566345214844,86.88200378417969,0.03190592272674464,-0.18598749999999997,-0.27898125,0.34,-0.6249,8,2010-03-01,2010-03-12,0.019425000000000026
2010-03-26,86.90458679199219,88.0860366821289,0.013594793252564852,0.2632666666666667,0.39490000000000003,0.3612,0.2023,3,2010-03-15,2010-03-24,-0.27898125
2010-04-09,88.64514923095703,90.33013153076172,0.019008172634631393,0.12765,0.191475,0.5106,0.0,4,2010-04-01,2010-04-05,0.39490000000000003
2010-04-23,90.47370147705078,92.0377426147461,0.017287246041238102,0.08241818181818182,0.1143772727272727,0.6369,-0.4767,11,2010-04-12,2010-04-23,0.191475
2010-05-07,91.69017791748047,84.06635284423828,-0.08314767455357641,-0.16844285714285714,-0.25266428571428573,0.1531,-0.8555,7,2010-04-28,2010-05-07,0.1143772727272727
2010-05-21,87.76868438720703,82.44181823730469,-0.060692104331904195,0.07285714285714284,0.12809642857142853,0.5267,-0.5423,7,2010-05-11,2010-05-20,-0.25266428571428573
2010-06-04,81.38399505615234,80.7115478515625,-0.008262646778717131,0.0,0.0,0.0,0.0,5,2010-05-25,2010-06-01,0.12809642857142853
2010-06-18,79.70659637451172,84.8231201171875,0.06419197375628904,0.15075,0.22612499999999996,0.5574,-0.5106,8,2010-06-07,2010-06-15,0.0
2010-07-02,84.58016967773438,77.58814239501953,-0.08266745395942954,-0.06784545454545454,-0.10016136363636365,0.5267,-0.6486,11,2010-06-21,2010-06-30,0.22612499999999996
2010-07-16,78.0967788696289,80.97407531738281,0.03684270323821082,0.05731111111111112,0.1258777777777778,0.7184,-0.34,9,2010-07-06,2010-07-14,-0.10016136363636365
2010-07-30,81.45234680175781,83.71471405029297,0.027775347640276227,-0.31374,-0.4706100000000001,0.1027,-0.7003,5,2010-07-20,2010-07-30,0.1258777777777778
2010-08-13,85.60507202148438,82.22669982910156,-0.03946462648305393,0.2790333333333333,0.4199888888888889,0.7717,0.0,9,2010-08-02,2010-08-11,-0.4706100000000001
2010-08-27,82.18877410888672,81.12591552734375,-0.01293191914670555,0.050575,0.0758625,0.2023,0.0,4,2010-08-17,2010-08-27,0.4199888888888889
2010-09-10,79.94916534423828,84.63330078125,0.05858892230885915,-0.07567777777777777,-0.11636944444444443,0.5106,-0.6486,9,2010-08-30,2010-09-10,0.0758625
2010-09-24,85.57470703125,87.63561248779297,0.024083114369183534,-0.031593750000000004,-0.053964062500000014,0.4404,-0.6249,16,2010-09-13,2010-09-24,-0.11636944444444443
2010-10-08,87.21583557128906,88.94841766357422,0.019865453113373732,-0.14795384615384616,-0.27692115384615384,0.0772,-0.6249,13,2010-09-27,2010-10-08,-0.053964062500000014
2010-10-22,89.03238677978516,90.32987976074219,0.014573269659346355,0.019141666666666664,0.027712499999999998,0.5719,-0.3182,12,2010-10-12,2010-10-22,-0.27692115384615384
2010-11-05,90.59703826904297,93.66524505615234,0.03386652417927638,0.04074,0.06111,0.1779,0.0,5,2010-10-26,2010-11-05,0.027712499999999998
2010-11-19,93.4897232055664,91.81060791015625,-0.017960426428026754,0.06654545454545455,0.11024545454545454,0.7184,-0.7184,11,2010-11-08,2010-11-18,0.06111
2010-12-03,91.7342529296875,93.79502868652344,0.02246462679993133,-0.03370999999999999,-0.05056499999999999,0.6705,-0.4767,10,2010-11-22,2010-12-03,0.11024545454545454
2010-12-17,93.69580078125,95.37014770507812,0.017870031632871042,0.05668000000000001,0.05259000000000001,0.743,-0.6486,10,2010-12-09,2010-12-17,-0.05056499999999999
2010-12-31,95.6003189086914,96.48263549804688,0.009229222239291568,0.08536000000000002,0.11170500000000001,0.6369,-0.4201,10,2010-12-20,2010-12-31,0.05259000000000001
2011-01-14,97.4800796508789,99.20640563964844,0.017709525832891204,0.13799285714285717,0.21186785714285716,0.6124,-0.3182,14,2011-01-03,2011-01-14,0.11170500000000001
2011-01-28,99.37520599365234,97.99414825439453,-0.01389740756206359,0.1502909090909091,0.22543636363636363,0.6369,-0.6249,11,2011-01-18,2011-01-28,0.21186785714285716
2011-02-11,98.73072052001953,102.12965393066406,0.03442630006893688,0.16207272727272726,0.2696545454545454,0.7351,-0.1511,11,2011-01-31,2011-02-09,0.22543636363636363
2011-02-25,102.37519073486328,101.5312271118164,-0.008243829554687832,0.0064909090909090975,0.0033340909090909102,0.3412,-0.3818,11,2011-02-14,2011-02-24,0.2696545454545454
2011-03-11,102.16031646728516,100.38797760009766,-0.017348603924451034,0.04716666666666666,0.06429166666666666,0.6114,-0.3875,15,2011-02-28,2011-03-11,0.0033340909090909102
2011-03-25,99.78185272216797,101.17854309082031,0.013997438718053035,0.1572428571428571,0.23586428571428572,0.6908,-0.34,7,2011-03-14,2011-03-23,0.06429166666666666
2011-04-08,100.9319839477539,102.38069152832031,0.01435330530425638,-0.047954545454545465,-0.07310454545454546,0.4215,-0.5574,11,2011-03-29,2011-04-06,0.23586428571428572
2011-04-22,102.07244873046875,103.0896224975586,0.00996521372555459,0.12408888888888892,0.1517222222222222,0.7579,-0.9118,18,2011-04-12,2011-04-21,-0.07310454545454546
2011-05-06,102.98173522949219,103.41329193115234,0.004190614002555382,0.090655,0.17431375,0.6705,-0.4215,20,2011-04-25,2011-05-06,0.1517222222222222
2011-05-20,103.81401062011719,102.95863342285156,-0.008239515958936128,-0.0010842105263157928,0.00972368421052629,0.4588,-0.5994,19,2011-05-09,2011-05-20,0.17431375
2011-06-03,101.76420593261719,100.50047302246094,-0.012418245674643447,0.018108695652173913,0.012023913043478272,0.6369,-0.6486,23,2011-05-23,2011-06-03,0.00972368421052629
2011-06-17,99.43704223632812,98.38893127441406,-0.010540447888856774,0.00996666666666666,0.005768055555555552,0.5719,-0.6249,18,2011-06-07,2011-06-16,0.012023913043478272
2011-07-01,98.89230346679688,103.70914459228516,0.04870794750074303,-0.00944642857142857,-0.020585714285714294,0.6249,-0.6249,28,2011-06-20,2011-07-01,0.005768055555555552
2011-07-15,103.62393951416016,101.98219299316406,-0.015843313125262437,0.06380666666666666,0.10154666666666666,0.4588,0.0,15,2011-07-05,2011-07-15,-0.020585714285714294
2011-07-29,101.14582061767578,100.15457153320312,-0.00980019815370825,-0.06275833333333335,-0.08789374999999999,0.4588,-0.8402,24,2011-07-18,2011-07-29,0.10154666666666666
2011-08-12,99.7286605834961,91.47343444824219,-0.0827768676221452,-0.04924,-0.07417333333333334,0.4939,-0.6486,30,2011-08-01,2011-08-12,-0.08789374999999999
2011-08-26,93.40945434570312,91.35726165771484,-0.02196986057099992,-0.09481818181818183,-0.14204318181818182,0.4404,-0.8126,22,2011-08-15,2011-08-26,-0.07417333333333334
2011-09-09,93.98250579833984,89.76970672607422,-0.044825353787705025,-0.12413157894736844,-0.1760486842105263,0.5106,-0.802,19,2011-08-29,2011-09-09,-0.14204318181818182
2011-09-23,90.35054016113281,88.38153076171875,-0.02179300085979008,0.0756516129032258,0.1211225806451613,0.6369,-0.5994,31,2011-09-12,2011-09-23,-0.1760486842105263
2011-10-07,90.48326110839844,90.07069396972656,-0.004559596257009635,-0.0869909090909091,-0.12350151515151517,0.8126,-0.7906,33,2011-09-26,2011-10-07,0.1211225806451613
2011-10-21,93.08316802978516,96.50042724609375,0.03671189204921688,-0.04878125,-0.08647187499999999,0.6249,-0.7506,32,2011-10-10,2011-10-21,-0.12350151515151517
2011-11-04,97.68363189697266,97.67584991455078,-7.966516263524515e-05,0.04732083333333334,0.06497604166666666,0.5423,-0.3612,24,2011-10-24,2011-11-04,-0.08647187499999999
2011-11-18,98.28300476074219,94.95135498046875,-0.03389853401800169,0.05603461538461539,0.0998923076923077,0.6249,-0.4019,26,2011-11-07,2011-11-18,0.06497604166666666
2011-12-02,93.14545440673828,97.19322967529297,0.04345649816553876,0.05523999999999999,0.06444899999999999,0.7787,-0.6908,25,2011-11-21,2011-12-02,0.0998923076923077
2011-12-16,98.25186920166016,95.24808502197266,-0.030572285332529314,0.005740625000000006,0.014445312500000022,0.6369,-0.7579,32,2011-12-05,2011-12-16,0.06444899999999999
2011-12-30,94.2297134399414,98.31099700927734,0.04331206601766002,0.04273571428571429,0.06861160714285715,0.6705,-0.5574,28,2011-12-19,2011-12-30,0.014445312500000022
2012-01-13,99.877685546875,100.9273681640625,0.010509681030753004,-0.014928571428571428,-0.03184880952380952,0.4767,-0.7391,21,2012-01-03,2012-01-13,0.06861160714285715
2012-01-27,101.31903839111328,103.26179504394531,0.019174645591607087,-0.04166153846153845,-0.08467019230769231,0.5903,-0.7531,26,2012-01-17,2012-01-27,-0.03184880952380952
2012-02-10,102.90925598144531,105.25151062011719,0.02276038842506245,0.07017727272727271,0.10661931818181819,0.7964,-0.4215,22,2012-01-30,2012-02-10,-0.08467019230769231
2012-02-24,106.03485870361328,107.26470184326172,0.011598479544222995,0.08651785714285712,0.1357660714285714,0.7351,-0.4767,28,2012-02-13,2012-02-24,0.10661931818181819
2012-03-09,107.44486999511719,107.76605224609375,0.002989274881073145,-0.039265625,-0.05464921874999998,0.6124,-0.6705,32,2012-02-27,2012-03-09,0.1357660714285714
2012-03-23,107.77386474609375,109.87486267089844,0.019494502955373028,0.07376363636363638,0.11956022727272728,0.5267,-0.3818,22,2012-03-13,2012-03-23,-0.05464921874999998
2012-04-06,111.41693115234375,109.98500061035156,-0.012852001281872139,0.08991538461538462,0.12486250000000002,0.6369,-0.8225,26,2012-03-26,2012-04-05,0.11956022727272728
2012-04-20,108.74976348876953,108.53731536865234,-0.001953550180724073,-0.04690714285714286,-0.0685419642857143,0.802,-0.6597,28,2012-04-09,2012-04-20,0.12486250000000002
2012-05-04,107.6246337890625,107.78988647460938,0.0015354541031076252,0.09244642857142857,0.13638035714285715,0.6808,-0.6808,28,2012-04-23,2012-05-04,-0.0685419642857143
2012-05-18,107.8685531616211,102.07778930664062,-0.053683522076207635,-0.0025874999999999995,0.018603906249999996,0.624,-0.8271,32,2012-05-07,2012-05-18,0.13638035714285715
2012-06-01,103.83233642578125,100.83465576171875,-0.028870395940721494,0.011667857142857143,-0.011006249999999987,0.5994,-0.6249,28,2012-05-21,2012-06-01,0.018603906249999996
2012-06-15,100.78744506835938,106.08650207519531,0.052576558550937014,-0.05572592592592592,-0.11267962962962963,0.34,-0.6908,27,2012-06-04,2012-06-15,-0.011006249999999987
2012-06-29,106.2921371459961,107.63661193847656,0.012648864051287179,0.009416666666666669,0.013630000000000001,0.5994,-0.4767,30,2012-06-18,2012-06-29,-0.11267962962962963
2012-07-13,107.96086883544922,107.3597640991211,-0.005567801952801155,0.028961538461538462,0.03179230769230769,0.5267,-0.4215,26,2012-07-02,2012-07-13,0.013630000000000001
2012-07-27,107.10670471191406,109.677001953125,0.023997538231843585,0.011983870967741945,0.02443306451612904,0.6696,-0.8074,31,2012-07-16,2012-07-27,0.03179230769230769
2012-08-10,109.677001953125,111.38526916503906,0.015575436796167796,-0.0022466666666666785,-0.005527500000000022,0.7906,-0.802,30,2012-07-31,2012-08-10,0.02443306451612904
2012-08-24,111.3299560546875,111.9151611328125,0.005256492491899856,0.09052142857142857,0.13511428571428571,0.5106,-0.4939,28,2012-08-13,2012-08-24,-0.005527500000000022
2012-09-07,111.93887329101562,114.14542388916016,0.019712102983277413,-0.026065217391304355,-0.045878260869565236,0.6724,-0.5719,23,2012-08-27,2012-09-07,0.13511428571428571
2012-09-21,113.49689483642578,115.97915649414062,0.021870745109743517,-0.09517333333333333,-0.1514741666666667,0.5719,-0.7003,30,2012-09-10,2012-09-21,-0.045878260869565236
2012-10-05,115.80425262451172,116.19385528564453,0.0033643208457643237,0.0014888888888888853,0.01910972222222222,0.6369,-0.6249,36,2012-09-24,2012-10-05,-0.1514741666666667
2012-10-19,115.79633331298828,114.00736236572266,-0.015449288384893678,-0.02599677419354839,-0.019128225806451606,0.7501,-0.6597,31,2012-10-08,2012-10-19,0.01910972222222222
2012-11-02,114.02330017089844,112.55236053466797,-0.012900342596871117,0.0893,0.15365568181818182,0.6369,-0.34,22,2012-10-22,2012-11-02,-0.019128225806451606
2012-11-16,112.78295135498047,108.42584991455078,-0.03863262477247875,0.03043548387096775,0.03251048387096774,0.7964,-0.6908,31,2012-11-05,2012-11-16,0.15365568181818182
2012-11-30,110.62029266357422,113.02140045166016,0.021705852789490887,0.05557037037037037,0.09813796296296297,0.5719,-0.7964,27,2012-11-19,2012-11-30,0.03251048387096774
2012-12-14,112.46490478515625,112.9817123413086,0.0045952784750016296,0.03733529411764705,0.045793382352941184,0.6369,-0.7964,34,2012-12-03,2012-12-14,0.09813796296296297
2012-12-28,114.30947875976562,112.1254653930664,-0.01910614404330524,-0.007447999999999994,-0.012309,0.7783,-0.6486,25,2012-12-17,2012-12-28,0.045793382352941184
2013-01-11,114.03125,117.76261901855469,0.032722337241367416,0.08743499999999998,0.15197124999999997,0.6369,-0.5994,20,2013-01-02,2013-01-11,-0.012309
2013-01-25,117.68255615234375,120.30887603759766,0.02231698538102833,-0.006267741935483871,-0.00620161290322581,0.4767,-0.6037,31,2013-01-14,2013-01-25,0.15197124999999997
2013-02-08,120.16480255126953,121.5500717163086,0.011528077570368556,0.10054482758620689,0.13705258620689656,0.7096,-0.6249,29,2013-01-28,2013-02-08,-0.00620161290322581
2013-02-22,121.52603912353516,121.62213897705078,0.000790775822274048,0.07566250000000001,0.12681562500000002,0.5859,-0.4019,24,2013-02-11,2013-02-22,0.13705258620689656
2013-03-08,119.30802917480469,124.46469116210938,0.04322141621960229,0.003123333333333336,0.013139166666666667,0.6486,-0.6249,30,2013-02-25,2013-03-08,0.12681562500000002
2013-03-22,124.93708038330078,125.14695739746094,0.0016798616833069158,0.0698225806451613,0.11036048387096774,0.6486,-0.4939,31,2013-03-11,2013-03-22,0.013139166666666667
2013-04-05,124.62417602539062,124.79305267333984,0.0013550873781891237,0.1008761904761905,0.15629285714285712,0.6369,-0.34,21,2013-03-25,2013-04-05,0.11036048387096774
2013-04-19,125.6375503540039,125.05038452148438,-0.004673489978633705,0.05170588235294117,0.08465588235294116,0.6369,-0.4404,34,2013-04-08,2013-04-19,0.15629285714285712
2013-05-03,125.60540008544922,129.7876434326172,0.03329668425340615,-0.0908823529411765,-0.13819779411764704,0.6705,-0.7003,34,2013-04-22,2013-05-03,0.08465588235294116
2013-05-17,130.1174774169922,134.26748657226562,0.03189432532551906,0.06285600000000001,0.109725,0.6369,-0.5994,25,2013-05-07,2013-05-17,-0.13819779411764704
2013-05-31,134.2594757080078,131.46058654785156,-0.020846864963508183,-0.023936666666666665,-0.039359999999999985,0.5106,-0.5106,30,2013-05-20,2013-05-31,0.109725
2013-06-14,132.1844482421875,131.24342346191406,-0.007119027940028944,0.06715483870967741,0.1128483870967742,0.5994,-0.6249,31,2013-06-04,2013-06-14,-0.039359999999999985
2013-06-28,132.25680541992188,129.70635986328125,-0.0192840402317509,0.10427931034482758,0.17952672413793103,0.7506,-0.296,29,2013-06-17,2013-06-28,0.1128483870967742
2013-07-12,130.46633911132812,135.43890380859375,0.0381137750253151,-0.07840499999999999,-0.13331624999999997,0.4215,-0.5574,20,2013-07-01,2013-07-12,0.17952672413793103
2013-07-26,135.9563446044922,136.73252868652344,0.005709068482895985,0.04371724137931034,0.0825586206896552,0.8126,-0.7506,29,2013-07-15,2013-07-26,-0.13331624999999997
2013-08-09,136.31211853027344,136.89419555664062,0.004270178122409041,0.05546206896551724,0.10590775862068966,0.784,-0.8481,29,2013-07-29,2013-08-09,0.0825586206896552
2013-08-23,136.73252868652344,134.71925354003906,-0.01472418572101497,-0.007342424242424249,0.007173484848484831,0.5267,-0.5994,33,2013-08-12,2013-08-23,0.10590775862068966
2013-09-06,134.21792602539062,134.2502899169922,0.00024112942704412887,0.025529032258064507,0.03311048387096773,0.8126,-0.7408,31,2013-08-26,2013-09-06,0.007173484848484831
2013-09-20,135.53587341308594,138.7071075439453,0.023397747408127945,0.010335483870967747,-0.00442338709677418,0.7184,-0.784,31,2013-09-10,2013-09-20,0.03311048387096773
2013-10-04,138.06521606445312,137.2202606201172,-0.006119973360571018,0.07868235294117648,0.1342654411764706,0.875,-0.7096,34,2013-09-23,2013-10-04,-0.00442338709677418
2013-10-18,136.03404235839844,141.68890380859375,0.041569458292630035,0.010449999999999996,0.044059722222222236,0.8074,-0.6249,36,2013-10-07,2013-10-18,0.1342654411764706
2013-11-01,141.6970672607422,143.16763305664062,0.010378237350476605,0.1376677419354839,0.20871451612903227,0.7964,-0.5423,31,2013-10-22,2013-11-01,0.044059722222222236
2013-11-15,143.67141723632812,146.28756713867188,0.018209257990685623,0.047635897435897426,0.06189935897435896,0.7096,-0.5423,39,2013-11-04,2013-11-15,0.20871451612903227
2013-11-29,145.77572631835938,147.0594482421875,0.008806143219102225,0.020464705882352937,0.023066911764705877,0.5859,-0.743,34,2013-11-18,2013-11-27,0.06189935897435896
2013-12-13,146.67755126953125,144.7113800048828,-0.013404718360994772,0.07818666666666665,0.13142749999999997,0.8225,-0.6597,30,2013-12-02,2013-12-13,0.023066911764705877
2013-12-27,145.6132049560547,150.1859588623047,0.03140342874555935,0.09457727272727273,0.1457068181818182,0.6705,-0.6696,22,2013-12-16,2013-12-24,0.13142749999999997
2014-01-10,150.1614990234375,150.42286682128906,0.0017405779747228234,0.04838,0.09527785714285714,0.7003,-0.5106,35,2013-12-30,2014-01-10,0.1457068181818182
2014-01-24,148.4215087890625,146.13417053222656,-0.015411096919158207,-0.03128275862068966,-0.041933620689655185,0.4404,-0.6249,29,2014-01-13,2014-01-24,0.09527785714285714
2014-02-07,145.41534423828125,146.779541015625,0.009381381204918382,-0.06572903225806452,-0.07894435483870967,0.765,-0.7003,31,2014-01-27,2014-02-07,-0.041933620689655185
2014-02-21,147.04913330078125,150.21864318847656,0.021554087511772346,0.06451923076923077,0.10002788461538464,0.6739,-0.3818,26,2014-02-11,2014-02-21,-0.07894435483870967
2014-03-07,151.0518798828125,153.78848266601562,0.018116972693926092,-0.14152352941176471,-0.23007279411764708,0.2732,-0.7964,34,2014-02-24,2014-03-07,0.10002788461538464
2014-03-21,153.70681762695312,152.77706909179688,-0.006048843828207806,-0.022706451612903224,-0.020842741935483886,0.7579,-0.7506,31,2014-03-10,2014-03-21,-0.23007279411764708
2014-04-04,152.14523315429688,152.9411163330078,0.00523107534958922,0.06125384615384615,0.11040128205128205,0.6705,-0.6808,39,2014-03-24,2014-04-04,-0.020842741935483886
2014-04-18,151.25091552734375,152.9329376220703,0.011120739923207168,-0.01393846153846154,-0.03175961538461539,0.6124,-0.8399,26,2014-04-07,2014-04-17,0.11040128205128205
2014-05-02,153.46629333496094,154.30311584472656,0.005452809809768144,0.075384375,0.122065625,0.6369,-0.659,32,2014-04-21,2014-05-02,-0.03175961538461539
2014-05-16,154.59852600097656,154.29495239257812,-0.001963625503108135,0.08240571428571429,0.11407071428571429,0.6249,-0.7717,35,2014-05-05,2014-05-15,0.122065625
2014-05-30,154.86109924316406,158.09384155273438,0.02087510889028521,-0.03455882352941176,-0.050186764705882354,0.5859,-0.836,34,2014-05-19,2014-05-30,0.11407071428571429
2014-06-13,158.27439880371094,159.28353881835938,0.0063758891032019704,0.1362921052631579,0.23335131578947363,0.6597,-0.5848,38,2014-06-02,2014-06-13,-0.050186764705882354
2014-06-27,159.4148406982422,161.44015502929688,0.01270467869982328,0.005597142857142867,0.001946428571428587,0.6369,-0.8176,35,2014-06-16,2014-06-27,0.23335131578947363
2014-07-11,161.3576202392578,162.0914306640625,0.004547727115190581,0.10780357142857143,0.17319553571428573,0.7003,-0.5859,28,2014-06-30,2014-07-11,0.001946428571428587
2014-07-25,162.90760803222656,163.00653076171875,0.0006072321034424899,0.061567567567567566,0.07369864864864867,0.6369,-0.7783,37,2014-07-14,2014-07-25,0.17319553571428573
2014-08-08,163.07249450683594,159.31307983398438,-0.02305364055551362,-0.012012500000000002,-0.019296875000000005,0.4404,-0.4404,32,2014-07-28,2014-08-08,0.07369864864864867
2014-08-22,159.77471923828125,164.21844482421875,0.027812444967030725,-0.03166388888888889,-0.05654652777777777,0.7184,-0.8126,36,2014-08-11,2014-08-22,-0.019296875000000005
2014-09-05,165.05111694335938,165.8013153076172,0.004545248636610211,0.07678,0.13244333333333333,0.6369,-0.5216,30,2014-08-25,2014-09-05,-0.05654652777777777
2014-09-19,165.37261962890625,166.23675537109375,0.005225385823400597,0.06622249999999999,0.09123687500000001,0.5994,-0.6486,40,2014-09-08,2014-09-19,0.13244333333333333
2014-10-03,164.95294189453125,162.77452087402344,-0.013206318089801994,-0.026119354838709672,-0.03229677419354838,0.6597,-0.802,31,2014-09-23,2014-10-03,0.09123687500000001
2014-10-17,162.58399963378906,156.1068572998047,-0.03983874396357423,-0.03133999999999999,-0.06309499999999998,0.7003,-0.7269,35,2014-10-06,2014-10-17,-0.03229677419354838
2014-10-31,157.6226348876953,167.03195190429688,0.059695214607379254,0.05413548387096774,0.06882419354838712,0.5719,-0.4019,31,2014-10-20,2014-10-31,-0.06309499999999998
2014-11-14,167.12301635742188,169.16893005371094,0.012241962482974378,0.0778638888888889,0.13937083333333333,0.6369,-0.4767,36,2014-11-03,2014-11-14,0.06882419354838712
2014-11-28,169.276611328125,171.6205596923828,0.013846853064150233,0.0695888888888889,0.11170555555555557,0.6369,-0.4215,27,2014-11-17,2014-11-28,0.13937083333333333
2014-12-12,170.4279022216797,166.39418029785156,-0.02366820145788906,0.09909512195121953,0.19312926829268293,0.6369,-0.6486,41,2014-12-01,2014-12-12,0.11170555555555557
2014-12-26,165.2511444091797,173.6005401611328,0.05052549428207964,0.14750000000000002,0.23947211538461538,0.765,-0.8176,26,2014-12-15,2014-12-26,0.19312926829268293
2015-01-09,173.83380126953125,170.11093139648438,-0.021416259932523274,0.07285806451612903,0.12979032258064518,0.6369,-0.7351,31,2014-12-29,2015-01-09,0.23947211538461538
2015-01-23,168.77838134765625,170.71054077148438,0.011447908247491645,-0.03435,-0.03823161764705882,0.5267,-0.5719,34,2015-01-12,2015-01-23,0.12979032258064518
2015-02-06,171.11032104492188,171.19363403320312,0.00048689633548981703,0.006497297297297296,-0.016131081081081078,0.7034,-0.8316,37,2015-01-26,2015-02-06,-0.03823161764705882
2015-02-20,170.42742919921875,175.9326171875,0.032302241570786316,0.18810625000000003,0.28275859375,0.7964,-0.5859,32,2015-02-09,2015-02-20,-0.016131081081081078
2015-03-06,175.9076385498047,172.81771850585938,-0.017565581969144928,0.1329842105263158,0.22202894736842108,0.6369,0.0,19,2015-02-24,2015-03-06,0.28275859375
2015-03-20,173.53399658203125,176.02354431152344,0.014346167197937909,-0.05114062499999999,-0.09872343750000001,0.5719,-0.7845,32,2015-03-09,2015-03-19,0.22202894736842108
2015-04-03,175.68063354492188,172.70233154296875,-0.016952932954852784,0.07287931034482759,0.1293896551724138,0.7351,-0.5719,29,2015-03-23,2015-04-02,-0.09872343750000001
2015-04-17,173.86517333984375,173.9656219482422,0.0005777385227234699,0.06189642857142858,0.09013035714285718,0.6369,-0.5719,28,2015-04-06,2015-04-17,0.1293896551724138
2015-05-01,175.5550994873047,176.28292846679688,0.004145872045971721,0.0065972972972973025,0.00976486486486488,0.8074,-0.6597,37,2015-04-20,2015-05-01,0.09013035714285718
2015-05-15,176.7848663330078,177.72183227539062,0.005300034792671937,0.037290625,0.05628125,0.6369,-0.666,32,2015-05-04,2015-05-15,0.00976486486486488
2015-05-29,178.27391052246094,176.63424682617188,-0.009197440564823856,0.028751851851851848,0.05348055555555556,0.6597,-0.4215,27,2015-05-18,2015-05-29,0.05628125
2015-06-12,176.9940185546875,175.68887329101562,-0.0073739512460903045,0.030958333333333334,0.05474305555555555,0.6486,-0.6597,36,2015-06-01,2015-06-12,0.05348055555555556
2015-06-26,174.93601989746094,176.38377380371094,0.008275905140054052,0.05041538461538462,0.08157628205128205,0.5719,-0.6597,39,2015-06-15,2015-06-26,0.05474305555555555
2015-07-10,172.68495178222656,174.4167022705078,0.010028380993296837,0.04432666666666666,0.08697916666666666,0.8176,-0.6597,30,2015-06-29,2015-07-10,0.08157628205128205
2015-07-24,176.34176635742188,174.8538360595703,-0.008437764510284662,0.08568928571428572,0.12991964285714286,0.6369,-0.4215,28,2015-07-13,2015-07-24,0.08697916666666666
2015-08-07,173.83660888671875,174.81182861328125,0.005609979007344723,-0.05228437500000001,-0.053812500000000034,0.7351,-0.8957,32,2015-07-27,2015-08-07,0.12991964285714286
2015-08-21,177.01422119140625,166.30445861816406,-0.060502272083900355,0.03164642857142857,0.04330446428571428,0.5719,-0.6808,28,2015-08-10,2015-08-21,-0.053812500000000034
2015-09-04,159.30189514160156,161.8994903564453,0.016306116211202593,-0.02763421052631579,-0.055628947368421056,0.7096,-0.6249,38,2015-08-24,2015-09-04,0.04330446428571428
2015-09-18,165.96817016601562,165.15797424316406,-0.0048816343642346105,0.1693576923076923,0.2559903846153846,0.8074,-0.6249,26,2015-09-08,2015-09-18,-0.055628947368421056
2015-10-02,166.01138305664062,164.7776641845703,-0.007431531798330893,0.07888965517241381,0.11901724137931036,0.8868,-0.6249,29,2015-09-21,2015-10-02,0.2559903846153846
2015-10-16,167.7099151611328,171.76596069335938,0.024184888104734847,0.14469444444444443,0.1990881944444444,0.7003,-0.7351,36,2015-10-05,2015-10-16,0.11901724137931036
2015-10-30,171.85044860839844,175.70367431640625,0.022421970609970865,0.10166764705882353,0.16415735294117645,0.6808,-0.5106,34,2015-10-19,2015-10-30,0.1990881944444444
2015-11-13,177.78250122070312,171.1490936279297,-0.03731192635510616,-0.032629629629629626,-0.05996296296296296,0.2732,-0.4767,27,2015-11-02,2015-11-13,0.16415735294117645
2015-11-27,173.7517547607422,177.08108520507812,0.019161420550373398,-0.09130294117647059,-0.14583529411764706,0.5859,-0.8074,34,2015-11-16,2015-11-27,-0.05996296296296296
2015-12-11,176.34591674804688,170.5913543701172,-0.03263224056472758,-0.022762500000000005,-0.05548984375,0.5984,-0.8225,32,2015-11-30,2015-12-11,-0.14583529411764706
2015-12-25,171.4533233642578,174.8368377685547,0.019734317993407968,-0.02215806451612903,-0.02205080645161289,0.802,-0.6369,31,2015-12-14,2015-12-24,-0.05548984375
2016-01-08,174.43728637695312,163.14022827148438,-0.06476286314759672,-0.0209,-0.042036206896551714,0.6369,-0.6486,29,2015-12-28,2016-01-08,-0.02205080645161289
2016-01-22,163.3016815185547,161.95018005371094,-0.008276102562300824,0.11513589743589744,0.1728858974358974,0.6369,-0.5574,39,2016-01-11,2016-01-22,-0.042036206896551714
2016-02-05,159.5020294189453,159.7655487060547,0.0016521375186846488,0.0036076923076923118,-0.010525961538461534,0.6705,-0.7579,26,2016-01-25,2016-02-05,0.1728858974358974
2016-02-19,157.61492919921875,163.2082061767578,0.03548697452681915,0.09935666666666666,0.12674833333333332,0.7548,-0.4767,30,2016-02-08,2016-02-19,-0.010525961538461534
2016-03-04,165.5713653564453,170.37408447265625,0.029006942751674147,-0.048512121212121215,-0.08750530303030302,0.6369,-0.7906,33,2016-02-22,2016-03-04,0.12674833333333332
2016-03-18,170.51010131835938,174.62783813476562,0.0241495183251228,0.1224423076923077,0.17730288461538463,0.5719,-0.2732,26,2016-03-07,2016-03-18,-0.08750530303030302
2016-04-01,174.87557983398438,176.79806518554688,0.01099344661723256,0.11345882352941176,0.17647205882352937,0.8547,-0.7579,34,2016-03-22,2016-04-01,0.17730288461538463
2016-04-15,176.22555541992188,177.53285217285156,0.0074183154072891,0.016472727272727274,0.03548560606060605,0.7351,-0.4939,33,2016-04-04,2016-04-15,0.17647205882352937
2016-04-29,178.78033447265625,176.29391479492188,-0.013907679975364795,0.07655185185185187,0.1075138888888889,0.7003,-0.765,27,2016-04-18,2016-04-29,0.03548560606060605
2016-05-13,177.69520568847656,174.9524688720703,-0.015435063685480865,-0.14420714285714284,-0.2222232142857143,0.7184,-0.6705,28,2016-05-02,2016-05-13,0.1075138888888889
2016-05-27,176.67845153808594,179.63473510742188,0.01673256440499582,-0.04741875,-0.06801171875,0.6369,-0.6486,32,2016-05-16,2016-05-27,-0.2222232142857143
2016-06-10,179.29298400878906,179.48947143554688,0.0010959013697278142,-0.0005434782608695536,-0.003039130434782612,0.5994,-0.7269,23,2016-05-31,2016-06-10,-0.06801171875
2016-06-24,178.1053009033203,174.5568084716797,-0.01992356439501386,0.019861904761904758,0.029993452380952374,0.6486,-0.8225,42,2016-06-13,2016-06-24,-0.003039130434782612
2016-07-08,171.43055725097656,182.63880920410156,0.06538071235874221,-0.009503225806451613,-0.021925806451612892,0.5106,-0.7351,31,2016-06-27,2016-07-08,0.029993452380952374
2016-07-22,183.28294372558594,186.58102416992188,0.01799447552126776,0.21905135135135137,0.35116891891891894,0.8555,-0.6908,37,2016-07-11,2016-07-22,-0.021925806451612892
2016-08-05,186.0742950439453,187.38836669921875,0.007062080525217507,0.049427777777777786,0.06833055555555559,0.6369,-0.6808,36,2016-07-25,2016-08-05,0.35116891891891894
2016-08-19,187.2766876220703,187.69752502441406,0.0022471424910772697,0.08194186046511627,0.09895639534883723,0.6858,-0.7003,43,2016-08-08,2016-08-19,0.06833055555555559
2016-09-02,187.68894958496094,187.55149841308594,-0.0007323349199777063,-0.041084210526315786,-0.057186842105263175,0.6486,-0.6369,19,2016-08-22,2016-09-02,0.09895639534883723
2016-09-16,188.1183624267578,184.18283081054688,-0.020920507522189435,0.08692142857142857,0.14612410714285715,0.6486,-0.8428,28,2016-09-06,2016-09-16,-0.057186842105263175
2016-09-30,184.21739196777344,186.71205139160156,0.013541932155160197,0.04514137931034483,0.08542068965517241,0.5719,-0.4404,29,2016-09-19,2016-09-30,0.14612410714285715
2016-10-14,186.26327514648438,183.9670867919922,-0.012327649412834485,-0.007240740740740737,-0.00838425925925927,0.6369,-0.4019,27,2016-10-03,2016-10-14,0.08542068965517241
2016-10-28,183.32830810546875,183.46640014648438,0.0007532499614635313,0.011062500000000003,0.048352343750000006,0.8176,-0.5719,32,2016-10-17,2016-10-28,-0.00838425925925927
2016-11-11,183.4750213623047,186.815673828125,0.01820766903862947,-0.03707179487179488,-0.02122948717948719,0.5719,-0.6249,39,2016-10-31,2016-11-11,0.048352343750000006
2016-11-25,186.96238708496094,191.21800231933594,0.022761879010675612,0.13776799999999997,0.19971199999999997,0.836,-0.5096,25,2016-11-14,2016-11-25,-0.02122948717948719
2016-12-09,190.32028198242188,195.5254669189453,0.027349607106005536,-0.017314705882352933,-0.012840441176470574,0.6124,-0.7783,34,2016-11-28,2016-12-09,0.19971199999999997
2016-12-23,195.301025390625,195.98329162597656,0.003493408362741368,0.054476666666666666,0.1021725,0.6369,-0.5707,30,2016-12-12,2016-12-23,-0.012840441176470574
2017-01-06,196.46951293945312,197.28570556640625,0.004154296586486916,0.09665416666666667,0.14049583333333332,0.6369,-0.5574,24,2016-12-27,2017-01-06,0.1021725
2017-01-20,196.6344757080078,196.8776397705078,0.0012366298515276153,0.08275238095238094,0.10083809523809525,0.6369,-0.5994,21,2017-01-10,2017-01-20,0.14049583333333332
2017-02-03,196.36532592773438,199.1351776123047,0.014105604803108962,0.07517241379310345,0.14253189655172413,0.7506,-0.5574,29,2017-01-23,2017-02-03,0.10083809523809525
2017-02-17,198.77915954589844,204.1278839111328,0.02690787292517638,-0.051307407407407406,-0.09877962962962962,0.34,-0.743,27,2017-02-06,2017-02-17,0.14253189655172413
2017-03-03,205.34349060058594,207.019287109375,0.008160942934629656,0.17619545454545452,0.26498295454545456,0.7003,-0.2732,22,2017-02-21,2017-03-03,-0.09877962962962962
2017-03-17,206.40280151367188,206.70773315429688,0.0014773619272061556,0.05537878787878789,0.06983181818181819,0.7184,-0.6808,33,2017-03-06,2017-03-17,0.26498295454545456
2017-03-31,206.48101806640625,205.58274841308594,-0.00435037400402305,0.013232142857142864,0.004206250000000016,0.658,-0.6908,28,2017-03-20,2017-03-31,0.06983181818181819
2017-04-14,205.22520446777344,202.7659454345703,-0.01198322125969331,0.029814705882352948,0.04901102941176472,0.6124,-0.5423,34,2017-04-03,2017-04-13,0.004206250000000016
2017-04-28,204.56240844726562,207.62342834472656,0.014963745884181145,0.025786206896551728,0.04414137931034483,0.8555,-0.6249,29,2017-04-17,2017-04-28,0.04901102941176472
2017-05-12,208.14663696289062,208.4082794189453,0.0012570102494682267,0.006476923076923081,0.028505769230769248,0.6369,-0.4588,26,2017-05-02,2017-05-12,0.04414137931034483
2017-05-26,209.5594024658203,210.7890625,0.005867835180433989,-0.052913333333333326,-0.048537499999999976,0.7717,-0.7003,30,2017-05-15,2017-05-24,0.028505769230769248
2017-06-09,210.60595703125,212.27159118652344,0.007908770382151653,-0.012124999999999997,-0.009042708333333344,0.7579,-0.7626,24,2017-05-30,2017-06-09,-0.048537499999999976
2017-06-23,212.2279510498047,213.0613555908203,0.003926931098816588,0.07892820512820513,0.12016410256410258,0.863,-0.4404,39,2017-06-12,2017-06-23,-0.009042708333333344
2017-07-07,213.20159912109375,212.16754150390625,-0.004850140062036656,0.006746428571428574,-0.005442857142857138,0.6369,-0.8647,28,2017-06-26,2017-07-07,0.12016410256410258
2017-07-21,212.39535522460938,216.3476104736328,0.018608011671648494,0.06464782608695653,0.09874130434782608,0.6369,-0.296,23,2017-07-10,2017-07-20,-0.005442857142857138
2017-08-04,216.2949981689453,216.81204223632812,0.002390457808825408,-0.01867777777777777,0.00027222222222222307,0.4927,-0.5353,18,2017-07-24,2017-08-04,0.09874130434782608
2017-08-18,217.21517944335938,212.69334411621094,-0.020817308158371794,0.03617272727272727,0.0667878787878788,0.6369,-0.4939,33,2017-08-07,2017-08-18,0.00027222222222222307
2017-09-01,212.85983276367188,217.1888885498047,0.020337588966064635,-0.08918461538461539,-0.1023076923076923,0.5719,-0.6597,26,2017-08-21,2017-09-01,0.0667878787878788
2017-09-15,215.62899780273438,219.45562744140625,0.01774635915236522,0.06929230769230768,0.09771634615384615,0.7184,-0.5719,26,2017-09-05,2017-09-15,-0.1023076923076923
2017-09-29,219.92239379882812,221.2522735595703,0.006047041130148312,0.07878461538461538,0.10838749999999998,0.7717,-0.5994,26,2017-09-18,2017-09-29,0.09771634615384615
2017-10-13,222.21214294433594,224.5283203125,0.010423270922436778,-0.043556250000000005,-0.03228906249999999,0.8658,-0.8271,32,2017-10-02,2017-10-13,0.10838749999999998
2017-10-27,224.8277587890625,226.95899963378906,0.0094794381984038,0.042589655172413796,0.05397758620689654,0.6369,-0.7269,29,2017-10-16,2017-10-27,-0.03228906249999999
2017-11-10,226.11349487304688,227.29364013671875,0.0052192606387091445,0.13261875,0.227340625,0.6597,-0.3818,32,2017-10-30,2017-11-10,0.05397758620689654
2017-11-24,227.5050048828125,229.2927703857422,0.00785813702802085,-0.013825000000000004,-0.015339583333333356,0.6369,-0.6808,24,2017-11-13,2017-11-24,0.227340625
2017-12-08,229.17835998535156,233.8282928466797,0.02028958083837118,0.02337619047619048,0.06268452380952381,0.5423,-0.5719,21,2017-11-29,2017-12-08,-0.015339583333333356
2017-12-22,234.5327911376953,236.79385375976562,0.009640709988151919,0.06776666666666668,0.09427142857142859,0.7096,-0.6249,21,2017-12-11,2017-12-22,0.06268452380952381
2018-01-05,236.51060485839844,242.0252685546875,0.02331677135404031,0.27904375,0.43757890625,0.9022,-0.3818,32,2017-12-26,2018-01-05,0.09427142857142859
2018-01-19,242.4678497314453,248.21266174316406,0.023693087632367105,0.18367307692307694,0.2779865384615384,0.7964,-0.2263,26,2018-01-08,2018-01-19,0.43757890625
2018-02-02,250.23077392578125,243.82215881347656,-0.02561081921205055,0.0406046511627907,0.07285872093023255,0.7964,-0.6908,43,2018-01-22,2018-02-02,0.2779865384615384
2018-02-16,233.6248779296875,241.7509002685547,0.03478235028254484,0.090505,0.155531875,0.7876,-0.7579,40,2018-02-05,2018-02-16,0.07285872093023255
2018-03-02,240.23715209960938,238.1834716796875,-0.008548554634340455,-0.0002363636363636381,0.02106931818181818,0.6369,-0.6249,22,2018-02-20,2018-03-02,0.155531875
2018-03-16,240.9364471435547,243.6877899169922,0.011419371398791345,-0.03601562500000001,-0.0694765625,0.5719,-0.8074,32,2018-03-05,2018-03-16,0.02106931818181818
2018-03-30,240.390625,233.86740112304688,-0.027135932929801765,0.036047826086956516,0.0636445652173913,0.4215,-0.5719,23,2018-03-19,2018-03-29,-0.0694765625
2018-04-13,228.81944274902344,235.64479064941406,0.02982853125762075,0.06063888888888888,0.09171527777777778,0.6369,-0.6249,36,2018-04-02,2018-04-13,0.0636445652173913
2018-04-27,237.58218383789062,236.8979034423828,-0.0028801839618357583,0.10862812499999999,0.18656015625,0.6705,-0.4019,32,2018-04-16,2018-04-27,0.09171527777777778
2018-05-11,235.0760040283203,242.4879913330078,0.03153017397639002,0.06171666666666667,0.0986625,0.6908,-0.2263,24,2018-04-30,2018-05-11,0.18656015625
2018-05-25,242.603515625,241.86585998535156,-0.003040580997963227,0.08752758620689657,0.1326543103448276,0.5574,-0.6542,29,2018-05-14,2018-05-25,0.0986625
2018-06-08,239.08413696289062,247.2338409423828,0.03408717986487386,0.07404230769230767,0.12654615384615386,0.743,-0.7717,26,2018-05-29,2018-06-08,0.1326543103448276
2018-06-22,247.56253051757812,245.2640380859375,-0.009284492394043498,0.006353571428571443,-0.007058035714285706,0.5719,-0.8402,28,2018-06-11,2018-06-22,0.12654615384615386
2018-07-06,241.92529296875,245.87109375,0.01630999691197932,0.11138181818181817,0.15953295454545455,0.7717,-0.4767,22,2018-06-25,2018-07-06,-0.007058035714285706
2018-07-20,248.08497619628906,249.67405700683594,0.0064053891328330614,0.004039393939393942,0.014122727272727276,0.8126,-0.5423,33,2018-07-09,2018-07-20,0.15953295454545455
2018-08-03,250.13839721679688,253.17349243164062,0.012133663798178151,-0.01871891891891892,-0.05306554054054054,0.4019,-0.5574,37,2018-07-23,2018-08-03,0.014122727272727276
2018-08-17,254.1019287109375,254.4768524169922,0.001475485479219607,0.056677419354838714,0.11793387096774192,0.6486,-0.4939,31,2018-08-06,2018-08-16,-0.05306554054054054
2018-08-31,255.0214080810547,259.1636962890625,0.01624290383767013,-0.041339473684210516,-0.06359013157894737,0.6808,-0.7003,38,2018-08-20,2018-08-31,0.11793387096774192
2018-09-14,258.7172546386719,259.6724853515625,0.003692180153290092,0.08227777777777778,0.10515555555555556,0.6369,-0.6652,27,2018-09-04,2018-09-14,-0.06359013157894737
2018-09-28,258.2976989746094,260.70452880859375,0.009318045973847333,0.01960399999999999,0.03613999999999998,0.6908,-0.7096,25,2018-09-17,2018-09-28,0.10515555555555556
2018-10-12,261.6101379394531,247.45944213867188,-0.054090777644313914,0.022416129032258068,0.04294758064516129,0.5719,-0.7684,31,2018-10-01,2018-10-12,0.03613999999999998
2018-10-26,246.0694122314453,237.93582153320312,-0.03305405017423291,-0.09825135135135132,-0.15247364864864865,0.8472,-0.6486,37,2018-10-15,2018-10-26,0.04294758064516129
2018-11-09,236.61761474609375,249.08253479003906,0.052679594701015686,-0.04548064516129032,-0.07341129032258062,0.5859,-0.6966,31,2018-10-29,2018-11-08,-0.15247364864864865
2018-11-23,244.42840576171875,236.07058715820312,-0.03419331962449268,-0.06098437499999999,-0.09672812500000004,0.705,-0.6369,32,2018-11-12,2018-11-23,-0.07341129032258062
2018-12-07,239.88182067871094,236.35757446289062,-0.014691593576574347,-0.006903030303030293,0.02686742424242423,0.6369,-0.743,33,2018-11-26,2018-12-07,-0.09672812500000004
2018-12-21,236.80596923828125,217.10926818847656,-0.08317653948150805,-0.09905,-0.12918579545454545,0.8456,-0.8316,44,2018-12-10,2018-12-21,0.02686742424242423
2019-01-04,211.3726043701172,227.65354919433594,0.0770248579409587,-0.05923424657534246,-0.10245342465753425,0.7096,-0.9062,73,2018-12-24,2019-01-04,-0.12918579545454545
2019-01-18,229.4485321044922,240.34454345703125,0.047487823315326194,-0.005410256410256413,0.014118589743589736,0.6369,-0.5423,78,2019-01-07,2019-01-18,-0.10245342465753425
2019-02-01,237.097412109375,243.59173583984375,0.02739095156160065,0.08451818181818183,0.10605984848484849,0.8442,-0.6369,66,2019-01-22,2019-02-01,0.014118589743589736
2019-02-15,245.30552673339844,250.18533325195312,0.019892770389385195,0.03915945945945946,0.06596418918918918,0.754,-0.7184,74,2019-02-04,2019-02-15,0.10605984848484849
2019-03-01,250.61819458007812,252.93629455566406,0.009249527870352825,0.03406470588235294,0.05652205882352942,0.6369,-0.6249,68,2019-02-19,2019-03-01,0.06596418918918918
2019-03-15,252.01629638671875,254.8567657470703,0.011270974937243272,0.06457999999999998,0.1319585714285714,0.7073,-0.6249,70,2019-03-04,2019-03-15,0.05652205882352942
2019-03-29,255.7809295654297,255.916748046875,0.000530995339160123,0.03718,0.06562699999999999,0.6369,-0.6486,50,2019-03-18,2019-03-29,0.1319585714285714
2019-04-12,258.9517517089844,262.8746337890625,0.01514908493257372,0.1339064516129032,0.23796854838709677,0.8176,-0.6597,62,2019-04-01,2019-04-12,0.06562699999999999
2019-04-26,262.7024230957031,265.8189392089844,0.011863294127842483,0.01142500000000001,0.02181458333333332,0.6369,-0.5574,48,2019-04-15,2019-04-26,0.23796854838709677
2019-05-10,266.2357177734375,261.00836181640625,-0.019634315037622585,0.028199999999999996,0.0529027027027027,0.7184,-0.5423,74,2019-04-29,2019-05-10,0.02181458333333332
2019-05-24,254.44911193847656,256.1886291503906,0.006836405121094069,-0.009319444444444448,-0.04343749999999999,0.4939,-0.836,72,2019-05-13,2019-05-24,0.0529027027027027
2019-06-07,253.80587768554688,260.6005554199219,0.026771159897223784,-0.06691851851851853,-0.09308148148148147,0.802,-0.7717,54,2019-05-28,2019-06-07,-0.04343749999999999
2019-06-21,261.7965393066406,267.6489562988281,0.022354829470578208,0.10156451612903225,0.15403145161290327,0.5106,-0.4767,62,2019-06-10,2019-06-21,-0.09308148148148147
2019-07-05,267.32122802734375,271.70916748046875,0.01641448187824479,-0.023638461538461535,-0.07123141025641025,0.8176,-0.7351,78,2019-06-24,2019-07-05,0.15403145161290327
2019-07-19,270.21624755859375,270.53485107421875,0.0011790686848165421,-0.05320645161290322,-0.0812,0.5859,-0.6486,62,2019-07-08,2019-07-19,-0.07123141025641025
2019-08-02,271.19940185546875,266.3927001953125,-0.01772386527134706,-0.09234117647058823,-0.15047647058823532,0.5574,-0.8957,68,2019-07-22,2019-08-02,-0.0812
2019-08-16,258.3814697265625,262.9604797363281,0.0177218978381517,-0.0892969696969697,-0.1332416666666667,0.6369,-0.9118,66,2019-08-05,2019-08-16,-0.15047647058823532
2019-08-30,266.128662109375,266.2379455566406,0.00041064140329494236,0.03664571428571429,0.07719571428571431,0.8402,-0.5267,70,2019-08-19,2019-08-30,-0.1332416666666667
2019-09-13,264.6811828613281,274.103515625,0.03559880102473478,-0.002811764705882357,-0.010589705882352947,0.6369,-0.836,68,2019-09-03,2019-09-13,0.07719571428571431
2019-09-27,273.2568054199219,270.1654052734375,-0.01131316799862947,0.08102631578947368,0.13947302631578948,0.7783,-0.4404,76,2019-09-16,2019-09-27,-0.010589705882352947
2019-10-11,271.4183349609375,270.9701232910156,-0.0016513684308997467,-0.04078372093023255,-0.10166395348837211,0.6249,-0.93,86,2019-09-30,2019-10-11,0.13947302631578948
2019-10-25,270.6683654785156,275.8356628417969,0.01909088028867334,0.011790624999999999,0.03108671874999998,0.7096,-0.7096,64,2019-10-14,2019-10-25,-0.10166395348837211
2019-11-08,277.39056396484375,282.5487060546875,0.018595232714900378,0.07386666666666668,0.1311328431372549,0.872,-0.6908,102,2019-10-28,2019-11-08,0.03108671874999998
2019-11-22,282.0091857910156,284.3961181640625,0.008464023490411199,0.04856666666666667,0.04586287878787878,0.6369,-0.3818,66,2019-11-11,2019-11-22,0.1311328431372549
2019-12-06,286.600341796875,287.97210693359375,0.0047863346153682595,0.014158620689655173,0.02117413793103448,0.5574,-0.5423,58,2019-11-25,2019-12-06,0.04586287878787878
2019-12-20,287.0666809082031,294.7736511230469,0.026847317112738134,0.04011590909090909,0.08043693181818182,0.8481,-0.5423,88,2019-12-09,2019-12-20,0.02117413793103448
2020-01-03,295.22406005859375,296.3177185058594,0.0037045031053652977,0.11442142857142858,0.1736622448979592,0.8225,-0.5994,98,2019-12-23,2020-01-03,0.08043693181818182
2020-01-17,297.4482421875,305.0856628417969,0.02567646928463785,0.04734642857142856,0.0956142857142857,0.6705,-0.6486,56,2020-01-06,2020-01-17,0.1736622448979592
2020-01-31,304.48822021484375,295.6927795410156,-0.028885980113194987,0.08467931034482759,0.1520534482758621,0.7884,-0.6573,29,2020-01-21,2020-01-31,0.0956142857142857
2020-02-14,297.88934326171875,310.27850341796875,0.04158980653888378,0.10471489361702127,0.17365053191489363,0.8271,-0.4767,47,2020-02-03,2020-02-14,0.1520534482758621
2020-02-28,309.4788513183594,272.2840270996094,-0.12018535050231227,-0.08884210526315789,-0.11955263157894735,0.6486,-0.8481,76,2020-02-18,2020-02-28,0.17365053191489363
2020-03-13,284.0756530761719,247.52430725097656,-0.12866764690810883,-0.09619734513274336,-0.17013340707964603,0.6369,-0.8625,113,2020-03-02,2020-03-13,-0.11955263157894735
2020-03-27,220.43923950195312,234.28062438964844,0.06279002286057467,-0.07878990825688074,-0.14042293577981652,0.6369,-0.836,109,2020-03-16,2020-03-27,-0.17013340707964603
2020-04-10,241.88900756835938,257.1891784667969,0.06325285738382957,-0.03157368421052632,-0.023383771929824593,0.7717,-0.802,57,2020-03-30,2020-04-09,-0.14042293577981652
2020-04-24,254.84097290039062,261.5987854003906,0.026517762913428333,0.05633428571428572,0.10036428571428571,0.6249,-0.4019,35,2020-04-13,2020-04-24,-0.023383771929824593
2020-05-08,265.37066650390625,270.3536376953125,0.01877740014393381,0.04218039215686275,0.06722843137254902,0.7845,-0.6249,51,2020-04-27,2020-05-08,0.10036428571428571
2020-05-22,270.40911865234375,273.12701416015625,0.010051049762514808,0.045878048780487804,0.04930548780487806,0.7506,-0.7351,41,2020-05-11,2020-05-22,0.06722843137254902
2020-06-05,276.4921569824219,295.2219543457031,0.06774079079744744,0.047271929824561396,0.09241622807017545,0.743,-0.5994,57,2020-05-26,2020-06-05,0.04930548780487806
2020-06-19,298.7904052734375,286.5858154296875,-0.040846659157548926,0.04868771929824561,0.05134429824561403,0.7124,-0.8225,57,2020-06-08,2020-06-19,0.09241622807017545
2020-07-03,288.42425537109375,289.9192199707031,0.005183213865581182,0.1244736842105263,0.19239868421052633,0.8225,-0.6908,57,2020-06-22,2020-07-02,0.05134429824561403
2020-07-17,294.39483642578125,298.7311096191406,0.01472944718054725,0.02498181818181818,0.01615303030303031,0.6369,-0.6808,33,2020-07-06,2020-07-16,0.19239868421052633
2020-07-31,301.14532470703125,303.1881408691406,0.006783489546439814,0.06698333333333333,0.11244322916666666,0.7269,-0.6249,48,2020-07-20,2020-07-31,0.01615303030303031
2020-08-14,305.2959289550781,312.7706298828125,0.024483460861458806,0.04064081632653061,0.07153622448979592,0.6369,-0.5859,49,2020-08-03,2020-08-14,0.11244322916666666
2020-08-28,313.76422119140625,325.52886962890625,0.03749518792432105,0.016146250000000008,0.023026250000000012,0.8122,-0.7096,80,2020-08-17,2020-08-28,0.07153622448979592
2020-09-11,324.34967041015625,310.1893615722656,-0.04365754039455072,-0.02839433962264151,-0.07892264150943394,0.7184,-0.8591,53,2020-08-31,2020-09-11,0.023026250000000012
2020-09-25,314.2748718261719,306.462158203125,-0.024859491876169315,-0.04323297872340426,-0.03495984042553192,0.9169,-0.9081,94,2020-09-14,2020-09-25,-0.07892264150943394
2020-10-09,311.55224609375,323.3546142578125,0.037882468549146786,-0.014739999999999994,-0.006235624999999995,0.8126,-0.7096,40,2020-09-28,2020-10-09,-0.03495984042553192
2020-10-23,328.556640625,322.3572082519531,-0.018868686876192586,0.062017777777777776,0.09991499999999998,0.765,-0.5106,45,2020-10-12,2020-10-23,-0.006235624999999995
2020-11-06,316.3999938964844,326.4404296875,0.03173336278350414,0.09717457627118643,0.13498983050847455,0.8115,-0.743,59,2020-10-26,2020-11-06,0.09991499999999998
2020-11-20,330.5423889160156,331.26019287109375,0.002171594261880072,0.07430161290322579,0.12478185483870965,0.765,-0.6249,62,2020-11-09,2020-11-20,0.13498983050847455
2020-12-04,333.24591064453125,344.79669189453125,0.03466143433736257,0.12932372881355933,0.20875974576271186,0.7351,-0.765,59,2020-11-23,2020-12-04,0.12478185483870965
2020-12-18,344.08807373046875,345.63909912109375,0.004507640656676637,0.07486551724137933,0.12464051724137933,0.8074,-0.5216,58,2020-12-07,2020-12-18,0.20875974576271186
2021-01-01,344.4032897949219,350.0394287109375,0.016364939252966337,0.03003,0.059733125,0.6369,-0.3612,40,2020-12-21,2020-12-30,0.12464051724137933
2021-01-15,345.2740173339844,351.7434387207031,0.01873706407644593,0.024593333333333335,0.03821500000000001,0.5267,-0.6369,45,2021-01-04,2021-01-15,0.059733125
2021-01-29,354.5052490234375,346.4723205566406,-0.022659547323841678,0.012601886792452829,0.036080188679245284,0.6597,-0.6249,53,2021-01-19,2021-01-29,0.03821500000000001
2021-02-12,352.2395935058594,367.60321044921875,0.04361695058310877,0.11864871794871795,0.1897769230769231,0.8225,-0.5994,39,2021-02-01,2021-02-12,0.036080188679245284
2021-02-26,367.284912109375,356.1061706542969,-0.030436157561923416,0.04378518518518519,0.07780833333333335,0.6124,-0.6597,27,2021-02-16,2021-02-26,0.1897769230769231
2021-03-12,364.7382507324219,368.9326171875,0.011499661597475841,0.06377321428571428,0.09800089285714286,0.836,-0.7783,56,2021-03-01,2021-03-12,0.07780833333333335
2021-03-26,371.1327819824219,371.9444274902344,0.002186941028159861,0.06759830508474576,0.11823771186440678,0.8225,-0.5859,59,2021-03-15,2021-03-26,0.09800089285714286
2021-04-09,371.75653076171875,386.5130615234375,0.039694072707971095,0.11903673469387754,0.21848775510204085,0.8625,-0.5267,49,2021-03-29,2021-04-09,0.11823771186440678
2021-04-23,386.65386962890625,391.4443359375,0.012389547046797844,0.008728947368421048,0.017792105263157887,0.6566,-0.6908,38,2021-04-12,2021-04-23,0.21848775510204085
2021-05-07,392.261474609375,396.4977722167969,0.010799677974087318,0.07665319148936171,0.09376117021276599,0.6369,-0.6597,47,2021-04-26,2021-05-07,0.017792105263157887
2021-05-21,392.57147216796875,389.7535400390625,-0.007178137813591667,-0.058242553191489355,-0.1084558510638298,0.6369,-0.7003,47,2021-05-10,2021-05-21,0.09376117021276599
2021-06-04,393.726806640625,396.94866943359375,0.008182990689555636,0.11279166666666668,0.18088489583333334,0.6486,-0.6249,48,2021-05-24,2021-06-04,-0.1084558510638298
2021-06-18,396.56353759765625,391.0098571777344,-0.014004516031820624,0.06912058823529413,0.10211470588235294,0.6369,-0.6249,34,2021-06-07,2021-06-18,0.18088489583333334
2021-07-02,396.6075134277344,408.7264404296875,0.030556473570592768,0.09045306122448979,0.1523244897959184,0.6369,-0.3612,49,2021-06-21,2021-07-02,0.10211470588235294
2021-07-16,407.98199462890625,406.483642578125,-0.003672593571547478,0.13720277777777776,0.22942430555555557,0.7717,-0.5719,36,2021-07-06,2021-07-16,0.1523244897959184
2021-07-30,400.480712890625,413.2404479980469,0.03186104772767595,0.03060425531914894,0.0531776595744681,0.8126,-0.6705,47,2021-07-19,2021-07-30,0.22942430555555557
2021-08-13,412.37347412109375,420.2234191894531,0.019036008766301515,0.144196875,0.22164765625000005,0.7506,-0.7506,32,2021-08-02,2021-08-13,0.0531776595744681
2021-08-27,421.21295166015625,424.3039245605469,0.00733826651865277,0.02886140350877194,0.03123070175438597,0.6369,-0.8555,57,2021-08-16,2021-08-27,0.22164765625000005
2021-09-10,426.1697998046875,419.7710876464844,-0.015014466443036611,0.08241315789473685,0.14933947368421055,0.7717,-0.6249,38,2021-08-30,2021-09-10,0.03123070175438597
2021-09-24,420.8453674316406,419.66949462890625,-0.002794073295639632,0.04868600000000001,0.07778550000000001,0.7456,-0.7269,50,2021-09-13,2021-09-24,0.14933947368421055
2021-10-08,418.46881103515625,413.9498291015625,-0.010798850032372243,0.031251666666666664,0.032298749999999994,0.8271,-0.8126,60,2021-09-27,2021-10-08,0.07778550000000001
2021-10-22,410.9529113769531,428.3765563964844,0.04239815447748252,0.11536346153846153,0.19030096153846154,0.7351,-0.4588,52,2021-10-11,2021-10-22,0.032298749999999994
2021-11-05,430.673828125,442.945068359375,0.02849311806988508,0.09434912280701753,0.15412280701754388,0.802,-0.6486,57,2021-10-25,2021-11-05,0.19030096153846154
2021-11-19,443.3231506347656,443.28533935546875,-8.529055891337567e-05,-0.00296923076923077,-0.01045615384615385,0.6369,-0.7964,65,2021-11-08,2021-11-19,0.15412280701754388
2021-12-03,442.03741455078125,428.6601257324219,-0.030262797623033744,0.006826388888888896,0.03072222222222223,0.7096,-0.6597,72,2021-11-22,2021-12-03,-0.01045615384615385
2021-12-17,433.73687744140625,436.28533935546875,0.005875594275256857,0.07875245901639345,0.11769303278688525,0.7602,-0.7845,61,2021-12-06,2021-12-17,0.03072222222222223
2021-12-31,431.6461181640625,450.6014404296875,0.043914033899455474,0.057943529411764706,0.1072964705882353,0.743,-0.7269,85,2021-12-20,2021-12-31,0.11769303278688525
2022-01-14,453.21044921875,440.8865966796875,-0.027192339806609733,0.0871698795180723,0.13548524096385542,0.7783,-0.5719,83,2022-01-03,2022-01-14,0.1072964705882353
2022-01-28,433.07867431640625,419.284423828125,-0.03185160412263388,-0.01528241758241758,-0.03263049450549451,0.765,-0.8402,91,2022-01-18,2022-01-28,0.13548524096385542
2022-02-11,426.83612060546875,417.8707275390625,-0.02100429798136294,0.07656413043478262,0.12230733695652175,0.743,-0.7506,92,2022-01-31,2022-02-11,-0.03263049450549451
2022-02-25,416.5046081542969,415.2997741699219,-0.0028927266608503865,-0.06223866666666666,-0.082061,0.836,-0.7964,75,2022-02-14,2022-02-25,0.12230733695652175
2022-03-11,414.2372131347656,398.5264892578125,-0.03792687711000475,-0.045295454545454555,-0.08269469696969697,0.6808,-0.765,66,2022-02-28,2022-03-11,-0.082061
2022-03-25,395.6138916015625,430.8077392578125,0.08896009064235555,0.03113717948717949,0.04913942307692308,0.6369,-0.7184,78,2022-03-14,2022-03-25,-0.08269469696969697
2022-04-08,433.8721618652344,425.935302734375,-0.018293082222050172,0.11662987012987013,0.16146785714285716,0.8316,-0.7351,77,2022-03-28,2022-04-08,0.04913942307692308
2022-04-22,418.65509033203125,405.4459533691406,-0.031551358786572004,0.014693749999999992,0.05256640624999999,0.7269,-0.5809,64,2022-04-11,2022-04-22,0.16146785714285716
2022-05-06,407.796630859375,391.45654296875,-0.04006920767390976,-0.07395505617977527,-0.10317191011235957,0.6486,-0.8591,89,2022-04-25,2022-05-06,0.05256640624999999
2022-05-20,378.9231262207031,370.7959899902344,-0.021447981577495834,-0.06228552631578947,-0.10173388157894736,0.6369,-0.836,152,2022-05-09,2022-05-20,-0.10317191011235957
2022-06-03,377.733642578125,390.69525146484375,0.03431415004036342,0.011036904761904765,0.039223809523809515,0.7269,-0.7506,84,2022-05-23,2022-06-03,-0.10173388157894736
2022-06-17,391.884765625,349.6789855957031,-0.10769946609683767,-0.014766141732283461,-0.0014992125984251892,0.8871,-0.802,127,2022-06-06,2022-06-17,0.039223809523809515
2022-07-01,358.48162841796875,364.3787536621094,0.01645028580729635,-0.06100927835051546,-0.06407164948453607,0.765,-0.8268,97,2022-06-21,2022-07-01,-0.0014992125984251892
2022-07-15,365.06689453125,368.0968017578125,0.00829959460019758,0.013788888888888892,0.006022685185185195,0.7269,-0.8126,54,2022-07-05,2022-07-15,-0.06407164948453607
2022-07-29,365.05743408203125,393.768798828125,0.07864889758591276,0.13303333333333336,0.22807708333333337,0.8344,-0.6369,60,2022-07-18,2022-07-29,0.006022685185185195
2022-08-12,392.602783203125,408.21051025390625,0.03975449925097996,0.0786112676056338,0.11338485915492959,0.7797,-0.7717,71,2022-08-01,2022-08-12,0.22807708333333337
2022-08-26,409.8927307128906,387.38427734375,-0.054913033783237974,0.10471076923076922,0.1628053846153846,0.7717,-0.6808,65,2022-08-15,2022-08-26,0.11338485915492959
2022-09-09,384.82275390625,388.6172180175781,0.009860290413733042,0.04213170731707317,0.0786591463414634,0.7351,-0.5563,82,2022-08-29,2022-09-09,0.1628053846153846
2022-09-23,392.7939147949219,353.1212463378906,-0.10100122981218895,-0.05114571428571429,-0.08650380952380952,0.7783,-0.8316,105,2022-09-12,2022-09-23,0.0786591463414634
2022-10-07,349.6278381347656,348.169189453125,-0.0041720038353421085,0.0025473684210526354,-0.014053508771929811,0.8225,-0.8481,114,2022-09-26,2022-10-07,-0.08650380952380952
2022-10-21,345.5107421875,359.2056579589844,0.039636729338077936,0.03190961538461539,0.05899759615384615,0.872,-0.7184,104,2022-10-10,2022-10-21,-0.014053508771929811
2022-11-04,363.6011047363281,361.1826171875,-0.0066514857004681405,0.05238571428571428,0.07971103896103895,0.7506,-0.7783,77,2022-10-24,2022-11-04,0.05899759615384615
2022-11-18,364.6376037597656,380.06951904296875,0.042321239290970425,0.057406451612903225,0.10714516129032259,0.8176,-0.7003,93,2022-11-07,2022-11-18,0.07971103896103895
2022-12-02,378.6875915527344,390.5110778808594,0.031222270261471063,0.014311224489795916,0.0175826530612245,0.7506,-0.8176,98,2022-11-21,2022-12-02,0.10714516129032259
2022-12-16,383.48602294921875,369.5128173828125,-0.03643732686512169,-0.015562135922330099,-0.02807766990291261,0.7778,-0.9136,103,2022-12-05,2022-12-16,0.0175826530612245
2022-12-30,366.3795166015625,368.7030029296875,0.006341747348970417,-0.03128474576271186,-0.053348728813559315,0.7964,-0.886,118,2022-12-19,2022-12-30,-0.02807766990291261
2023-01-13,367.1507568359375,384.1961669921875,0.04642618825886502,0.06639705882352942,0.1007419117647059,0.8074,-0.6808,136,2023-01-03,2023-01-13,-0.053348728813559315
2023-01-27,383.4923400878906,391.118408203125,0.019885842083538385,-0.014252173913043474,-0.033574275362318856,0.7906,-0.804,138,2023-01-17,2023-01-27,0.1007419117647059
2023-02-10,386.21112060546875,393.39373779296875,0.018597644667092128,0.10487931034482759,0.15968724137931034,0.8765,-0.6369,145,2023-01-30,2023-02-10,-0.033574275362318856
2023-02-24,398.0118103027344,382.1522521972656,-0.0398469535198106,0.014216666666666667,0.018240895061728386,0.7184,-0.7845,162,2023-02-13,2023-02-24,0.15968724137931034
2023-03-10,383.4538269042969,372.0580749511719,-0.029718707060835237,0.015216580310880834,0.004726165803108816,0.6705,-0.8591,193,2023-02-27,2023-03-10,0.018240895061728386
2023-03-24,371.5277404785156,383.0010070800781,0.03088131881292444,-0.035829729729729726,-0.045856081081081065,0.743,-0.8442,185,2023-03-13,2023-03-24,0.004726165803108816
2023-04-07,383.7171936035156,396.008056640625,0.03203104589003436,0.022765193370165755,0.012134944751381221,0.7964,-0.8176,181,2023-03-27,2023-04-06,-0.045856081081081065
2023-04-21,396.41448974609375,398.921142578125,0.006323312837622996,0.032966666666666665,0.05001075757575757,0.7845,-0.8442,165,2023-04-10,2023-04-20,0.012134944751381221
2023-05-05,399.3372497558594,399.3372497558594,0.0,-0.05089523809523809,-0.0994967261904762,0.6808,-0.8979,84,2023-05-01,2023-05-05,0.05001075757575757
2023-05-19,399.4436950683594,405.13427734375,0.014246268862540878,0.05900820512820513,0.09646307692307692,0.8979,-0.7964,195,2023-05-08,2023-05-19,-0.0994967261904762
2023-06-02,405.29876708984375,414.1346740722656,0.021800971776613443,-0.004888297872340424,0.007619813829787241,0.9001,-0.7717,188,2023-05-22,2023-06-02,0.09646307692307692
2023-06-16,413.3411560058594,426.8827209472656,0.032761230631518146,0.055414705882352956,0.08574166666666667,0.8481,-0.7579,204,2023-06-05,2023-06-16,0.007619813829787241
2023-06-30,424.66802978515625,430.59344482421875,0.01395305185101936,0.025321264367816093,0.04730287356321839,0.8591,-0.6808,174,2023-06-20,2023-06-30,0.08574166666666667
2023-07-14,431.0888366699219,436.4217529296875,0.012370805750762104,0.04955185185185186,0.0966854938271605,0.7579,-0.6908,162,2023-07-03,2023-07-14,0.04730287356321839
2023-07-28,437.93707275390625,443.84307861328125,0.013485969165012435,0.05647973568281938,0.099234140969163,0.8591,-0.6969,227,2023-07-17,2023-07-28,0.0966854938271605
2023-08-11,444.68817138671875,432.8955993652344,-0.026518744550165008,0.03607,0.06501357142857142,0.8885,-0.7506,210,2023-07-31,2023-08-11,0.099234140969163
2023-08-25,435.2851867675781,427.378173828125,-0.018165132147432983,0.009140886699507394,0.03088078817733991,0.7351,-0.8658,203,2023-08-14,2023-08-25,0.06501357142857142
2023-09-08,430.08831787109375,432.76934814453125,0.0062336737875337,0.029886170212765958,0.03737712765957448,0.7845,-0.8625,188,2023-08-28,2023-09-08,0.03088078817733991
2023-09-22,435.615478515625,419.5763244628906,-0.03681952282179768,-0.0108860103626943,-0.01822642487046632,0.8625,-0.7964,193,2023-09-11,2023-09-22,0.03737712765957448
2023-10-06,421.3406982421875,418.71844482421875,-0.006223593944066352,-0.01577582417582418,-0.042489010989010985,0.836,-0.8074,182,2023-09-25,2023-10-06,-0.01822642487046632
2023-10-20,421.3991394042969,410.5788269042969,-0.025677111052708645,0.027842608695652176,0.05247684782608696,0.8176,-0.8126,230,2023-10-09,2023-10-20,-0.042489010989010985
2023-11-03,409.8671569824219,423.7387390136719,0.03384409264059407,0.050347938144329904,0.07338685567010311,0.891,-0.743,194,2023-10-23,2023-11-03,0.05247684782608696
2023-11-17,424.7135009765625,439.43310546875,0.03465772681664703,0.1783157142857143,0.2521959523809524,0.8442,-0.7579,210,2023-11-06,2023-11-17,0.07338685567010311
2023-12-01,442.815673828125,447.5337219238281,0.010654654689423726,0.1180041450777202,0.18396463730569948,0.9273,-0.6808,193,2023-11-20,2023-12-01,0.2521959523809524
2023-12-15,445.1844787597656,459.3608703613281,0.0318438586202654,0.09413206751054852,0.1440481012658228,0.7906,-0.7579,237,2023-12-04,2023-12-15,0.18396463730569948
2023-12-29,461.9448547363281,465.2138671875,0.007076629207262819,0.0807939226519337,0.1263700276243094,0.8957,-0.8442,181,2023-12-18,2023-12-29,0.1440481012658228
2024-01-12,462.6103820800781,466.55474853515625,0.008526324976414701,0.06278010752688172,0.09650376344086022,0.8658,-0.7783,186,2024-01-02,2024-01-12,0.1263700276243094
2024-01-26,464.84197998046875,477.056884765625,0.026277542285809696,0.0677680981595092,0.09728389570552147,0.7506,-0.6808,163,2024-01-16,2024-01-26,0.09650376344086022
2024-02-09,480.83489990234375,490.5539855957031,0.020212937320758684,0.1005027397260274,0.17025376712328769,0.8402,-0.6124,146,2024-01-29,2024-02-09,0.09728389570552147
2024-02-23,490.3386535644531,497.062744140625,0.013713156259030246,0.06335431472081217,0.11121142131979696,0.7717,-0.7579,197,2024-02-12,2024-02-23,0.17025376712328769
2024-03-08,495.2421875,500.85052490234375,0.011324433870738781,0.13802978723404255,0.21121046099290783,0.8176,-0.5994,141,2024-02-26,2024-03-04,0.11121142131979696
